document_completeness,required_field_completeness,eligibility_pass_ratio,budget_consistency,certificate_validity,contradiction_count,duplicate_similarity,suspicious_indicator_count,document_quality,proposal_quality,project_feasibility,environmental_impact,extraction_confidence,risk_class,risk_score,quality_score
0.66,0.61,0.66,0.8,0.74,1,0.16,1,0.57,0.6,0.57,0.78,0.78,LOW,31.0,77.2
0.9,0.83,0.97,1.0,0.97,1,0.18,2,0.81,0.77,0.89,0.73,0.8,LOW,8.0,77.0
0.65,0.81,0.89,0.78,0.83,3,0.41,2,0.77,0.94,0.89,0.87,0.8,LOW,25.5,81.3
0.85,0.88,0.91,0.95,0.86,1,0.0,1,1.0,0.66,1.0,0.7,1.0,LOW,4.7,75.4
0.5,0.62,0.78,0.7,0.47,1,0.69,3,0.7,0.53,0.91,0.75,0.54,MEDIUM,50.6,68.6
0.98,0.83,0.67,0.99,0.86,0,0.0,2,0.83,0.68,0.87,1.0,0.81,LOW,7.0,71.1
0.4,0.4,0.3,0.32,0.2,5,0.11,0,0.3,0.52,0.25,0.2,0.5,HIGH,86.6,17.4
1.0,0.93,0.84,0.94,0.98,4,0.0,3,1.0,0.91,1.0,0.95,0.93,LOW,9.0,86.7
0.79,0.75,0.54,0.74,0.84,10,0.34,1,0.55,0.6,0.54,0.61,0.72,MEDIUM,59.8,56.0
0.51,0.55,0.46,0.3,0.44,1,0.28,0,0.43,0.35,0.54,0.58,0.5,MEDIUM,57.2,67.5
0.82,0.86,0.63,0.87,0.82,4,0.0,0,0.9,0.81,0.88,0.8,0.84,LOW,16.3,64.5
1.0,0.63,0.79,1.0,0.88,2,0.03,2,0.88,0.7,0.7,0.78,0.91,LOW,25.1,62.6
0.53,0.53,0.61,0.52,0.52,2,0.48,1,0.61,0.66,0.56,0.74,0.5,MEDIUM,53.5,50.7
0.4,0.4,0.3,0.25,0.32,5,0.67,5,0.33,0.3,0.25,0.2,0.5,HIGH,100.0,13.4
0.4,0.4,0.3,0.25,0.49,3,0.55,3,0.3,0.3,0.29,0.2,0.5,HIGH,94.2,28.1
0.6,0.75,0.39,0.63,0.73,6,0.48,4,0.8,0.67,0.64,0.33,0.7,HIGH,72.8,51.1
0.78,0.62,0.69,0.81,0.56,1,0.2,1,0.83,0.8,0.87,0.98,0.63,LOW,15.8,68.7
0.61,0.68,0.64,0.68,0.74,3,0.48,5,0.53,0.5,0.55,0.64,0.5,MEDIUM,57.2,50.0
0.99,0.96,0.75,0.76,0.72,0,0.07,0,0.93,1.0,0.88,0.9,0.96,LOW,7.3,84.8
0.4,0.4,0.3,0.33,0.24,7,0.52,2,0.3,0.3,0.42,0.33,0.5,HIGH,100.0,25.3
0.63,0.4,0.66,0.62,0.48,3,0.39,2,0.54,0.62,0.7,0.55,0.59,MEDIUM,55.8,60.4
0.8,0.83,0.93,0.94,0.8,1,0.3,1,0.74,0.8,0.88,0.61,0.78,LOW,14.6,80.5
0.95,0.83,0.84,0.92,0.86,0,0.02,0,0.95,1.0,0.95,0.58,0.87,LOW,6.6,65.2
0.4,0.4,0.3,0.39,0.5,5,0.57,1,0.31,0.32,0.51,0.32,0.5,HIGH,87.6,26.1
0.62,0.62,0.75,0.57,0.69,2,0.37,1,0.51,0.72,0.61,0.65,0.72,MEDIUM,42.4,53.5
0.41,0.41,0.3,0.33,0.21,7,0.39,4,0.54,0.3,0.36,0.2,0.5,HIGH,100.0,23.7
0.7,0.77,0.59,0.68,1.0,4,0.25,3,0.65,0.5,0.46,0.56,0.74,MEDIUM,43.9,54.3
0.75,0.81,0.93,0.88,0.79,1,0.39,0,0.77,0.79,0.67,0.76,0.6,LOW,20.6,59.6
0.9,0.86,0.78,0.66,0.87,0,0.0,1,0.76,0.91,0.97,1.0,1.0,LOW,0.4,78.9
0.4,0.55,0.31,0.63,0.29,1,0.59,3,0.5,0.34,0.54,0.41,0.5,HIGH,78.7,47.8
0.4,0.4,0.33,0.5,0.38,3,0.66,1,0.3,0.32,0.34,0.29,0.5,HIGH,75.3,25.7
0.89,0.93,0.9,0.7,0.91,1,0.13,1,0.74,0.88,0.85,0.86,0.9,LOW,11.1,73.9
0.45,0.63,0.52,0.42,0.68,6,0.32,2,0.64,0.46,0.44,0.43,0.6,HIGH,68.7,46.3
0.47,0.43,0.58,0.63,0.46,2,0.42,1,0.44,0.52,0.5,0.48,0.5,MEDIUM,57.5,31.8
0.58,0.66,0.56,0.65,0.8,3,0.46,2,0.66,0.48,0.74,0.63,0.81,MEDIUM,47.2,60.1
0.95,0.99,0.9,0.73,0.81,0,0.04,1,0.82,0.71,0.81,0.71,0.86,LOW,1.9,78.1
0.4,0.4,0.6,0.42,0.26,5,0.42,2,0.36,0.3,0.29,0.4,0.5,HIGH,81.8,22.4
0.4,0.4,0.3,0.28,0.2,10,0.6,4,0.3,0.5,0.26,0.25,0.5,HIGH,100.0,13.3
0.93,0.8,0.91,1.0,0.9,1,0.04,0,0.85,0.91,0.85,0.81,0.8,LOW,0.0,87.6
0.89,0.87,0.86,0.7,0.97,2,0.0,2,0.74,0.66,1.0,0.68,0.99,LOW,0.4,71.2
0.71,0.6,0.71,0.73,0.7,9,0.24,3,0.52,0.7,0.57,0.79,0.63,MEDIUM,54.2,69.6
0.66,0.73,0.78,0.67,0.7,2,0.0,7,0.67,0.59,0.51,0.83,0.69,MEDIUM,48.9,59.5
0.87,0.81,0.82,0.93,1.0,2,0.08,2,0.95,1.0,0.71,0.89,0.78,LOW,9.6,65.5
0.98,0.92,0.77,1.0,0.92,3,0.36,1,0.91,0.88,0.72,0.95,1.0,LOW,14.6,82.2
0.53,0.72,0.3,0.58,0.22,2,0.42,2,0.55,0.33,0.37,0.48,0.6,HIGH,71.7,39.5
0.58,0.69,0.67,0.8,0.62,2,0.27,1,0.66,0.65,0.64,0.67,0.9,MEDIUM,35.3,67.2
0.8,0.92,0.79,0.74,0.71,2,0.35,2,0.82,1.0,0.77,0.85,0.79,LOW,21.3,76.9
0.67,0.46,0.73,0.53,0.69,3,0.25,1,0.58,0.64,0.56,0.53,0.58,MEDIUM,41.0,69.4
0.46,0.64,0.62,0.74,0.45,2,0.48,1,0.62,0.45,0.64,0.35,0.61,HIGH,59.8,42.2
0.4,0.4,0.44,0.25,0.43,4,0.29,4,0.3,0.38,0.25,0.2,0.5,HIGH,89.7,14.1
0.73,0.91,0.84,0.79,0.64,0,0.16,3,0.72,0.6,0.9,0.53,0.62,LOW,26.4,76.3
0.63,0.56,0.74,0.47,0.46,4,0.25,5,0.59,0.74,0.58,0.46,0.66,MEDIUM,60.2,60.9
0.43,0.45,0.3,0.25,0.46,5,0.79,8,0.42,0.3,0.43,0.65,0.5,HIGH,100.0,30.5
0.41,0.4,0.36,0.25,0.29,5,0.53,4,0.3,0.43,0.25,0.3,0.5,HIGH,100.0,14.5
0.4,0.43,0.51,0.45,0.51,5,0.52,5,0.4,0.3,0.48,0.41,0.5,HIGH,85.6,25.4
0.51,0.47,0.55,0.6,0.97,1,0.45,1,0.69,0.63,0.63,0.47,0.67,MEDIUM,38.8,57.8
0.98,0.87,0.94,1.0,0.97,0,0.19,0,0.93,0.62,0.89,0.78,0.82,LOW,0.0,81.8
0.63,0.53,0.6,0.49,0.58,3,0.34,4,0.66,0.57,0.72,0.49,0.67,MEDIUM,57.9,51.1
0.64,0.79,0.58,0.58,0.52,1,0.32,2,0.77,0.6,0.5,0.84,0.65,MEDIUM,43.3,58.4
0.83,0.95,0.81,1.0,0.97,0,0.22,2,0.77,0.78,0.71,0.68,0.8,LOW,12.1,61.3
0.4,0.4,0.3,0.25,0.55,4,0.52,5,0.3,0.35,0.39,0.34,0.5,HIGH,100.0,25.3
0.69,0.44,0.71,0.68,0.69,1,0.68,4,0.58,0.74,0.69,0.66,0.53,MEDIUM,52.5,28.3
0.4,0.4,0.37,0.48,0.34,4,0.58,3,0.32,0.44,0.33,0.32,0.5,HIGH,86.8,23.5
0.62,0.51,0.6,0.56,0.61,1,0.38,3,0.53,0.69,0.53,0.59,0.63,MEDIUM,57.1,47.3
0.4,0.4,0.3,0.35,0.42,4,0.29,1,0.39,0.3,0.49,0.25,0.5,MEDIUM,71.5,37.0
0.92,0.97,1.0,0.86,0.87,2,0.41,1,0.87,0.75,0.99,0.85,1.0,LOW,8.4,80.8
0.9,1.0,1.0,0.99,0.73,0,0.0,0,0.85,1.0,0.67,1.0,0.9,LOW,0.0,82.6
0.4,0.43,0.3,0.25,0.28,7,0.43,8,0.36,0.3,0.25,0.2,0.5,HIGH,100.0,21.4
0.81,0.75,0.99,0.76,0.69,2,0.0,0,1.0,0.71,0.91,1.0,0.96,LOW,7.3,80.3
0.4,0.4,0.4,0.25,0.4,8,0.71,4,0.46,0.3,0.3,0.31,0.5,HIGH,100.0,39.9
0.93,1.0,0.82,0.63,0.92,0,0.0,1,0.9,0.83,0.65,1.0,0.85,LOW,6.6,88.2
0.9,0.81,0.97,0.99,0.78,0,0.0,0,0.83,1.0,0.84,0.85,1.0,LOW,0.0,99.3
0.58,0.53,0.39,0.34,0.35,3,0.79,1,0.45,0.51,0.63,0.45,0.52,HIGH,80.1,42.1
0.89,0.89,0.84,0.94,0.98,0,0.0,0,1.0,1.0,0.76,1.0,0.97,LOW,7.7,73.1
0.4,0.4,0.3,0.25,0.41,7,0.76,5,0.3,0.37,0.25,0.28,0.5,HIGH,100.0,19.6
1.0,0.98,0.87,0.79,0.66,1,0.13,0,0.87,1.0,0.97,1.0,1.0,LOW,0.0,79.5
0.76,0.63,0.58,0.63,0.56,1,0.45,2,0.6,0.72,0.57,0.66,0.67,LOW,39.3,43.2
0.49,0.64,0.59,0.79,0.48,2,0.39,1,0.49,0.61,0.53,0.6,0.67,MEDIUM,55.8,52.5
0.72,0.7,0.75,0.97,0.96,3,0.0,2,0.7,0.85,0.79,0.93,0.7,LOW,17.6,74.2
0.48,0.68,0.44,0.56,0.46,3,0.17,1,0.48,0.66,0.94,0.63,0.66,MEDIUM,45.4,42.5
0.47,0.65,0.52,0.63,0.67,1,0.31,3,0.7,0.49,0.56,0.61,0.53,MEDIUM,44.9,32.5
0.57,0.63,0.77,0.91,0.96,1,0.14,5,0.68,0.72,0.53,0.53,0.79,LOW,34.7,66.6
0.67,0.67,0.49,0.6,0.7,5,0.68,3,0.63,0.64,0.59,0.68,0.73,HIGH,70.9,50.6
0.8,0.93,0.98,0.72,0.81,1,0.1,0,0.64,0.93,0.87,1.0,0.82,LOW,0.0,79.1
0.95,0.98,0.95,0.97,0.8,3,0.14,1,0.94,0.98,0.91,0.85,0.84,LOW,2.9,96.8
0.57,0.4,0.3,0.42,0.6,8,0.64,3,0.67,0.34,0.79,0.34,0.5,HIGH,92.0,55.1
0.4,0.4,0.3,0.47,0.34,4,0.52,3,0.3,0.42,0.25,0.44,0.5,HIGH,93.7,6.3
0.58,0.6,0.57,0.8,0.57,6,0.47,2,0.5,0.74,0.69,0.61,0.58,MEDIUM,68.0,38.3
0.55,0.52,0.8,0.59,0.51,1,0.02,1,0.48,0.6,0.52,0.72,0.67,MEDIUM,30.3,53.4
0.59,0.73,0.46,0.64,0.74,2,0.32,4,0.68,0.82,0.63,0.54,0.5,MEDIUM,54.1,58.5
0.68,0.49,0.48,0.64,0.52,0,0.27,4,0.49,0.36,0.59,0.98,0.57,MEDIUM,52.3,46.9
0.42,0.54,0.48,0.25,0.42,0,0.06,4,0.44,0.63,0.39,0.32,0.5,MEDIUM,61.1,41.8
0.86,0.7,0.74,0.81,0.93,1,0.35,0,0.87,0.82,1.0,0.76,0.79,LOW,24.4,73.1
0.4,0.4,0.3,0.25,0.2,8,0.79,3,0.3,0.3,0.45,0.2,0.5,HIGH,100.0,15.7
1.0,1.0,0.78,1.0,1.0,1,0.17,0,0.89,1.0,0.88,0.68,1.0,LOW,0.0,100.0
0.73,0.87,0.97,0.75,0.86,3,0.14,0,0.87,0.82,0.97,0.63,0.82,LOW,11.6,77.9
0.4,0.4,0.38,0.25,0.34,7,0.68,5,0.3,0.3,0.34,0.35,0.5,HIGH,100.0,30.2
0.81,0.98,0.83,0.95,1.0,0,0.08,0,0.97,0.86,0.96,1.0,0.99,LOW,0.6,99.4
0.71,0.78,0.66,0.62,0.54,4,0.35,1,0.81,0.81,0.68,0.42,0.82,MEDIUM,45.9,69.9
0.52,0.6,0.42,0.59,0.56,5,0.1,4,0.55,0.73,0.57,0.72,0.5,MEDIUM,58.3,38.2
0.47,0.63,0.76,0.71,0.65,4,0.16,2,0.64,0.66,0.68,0.9,0.68,MEDIUM,40.8,49.3
0.76,1.0,0.92,0.83,0.81,2,0.13,1,0.75,0.55,0.56,0.49,0.84,LOW,26.7,53.9
0.4,0.4,0.33,0.33,0.33,6,0.61,0,0.3,0.3,0.32,0.42,0.5,HIGH,89.4,17.9
0.4,0.51,0.3,0.27,0.2,8,0.12,1,0.3,0.37,0.44,0.2,0.5,HIGH,83.2,35.2
1.0,0.88,0.96,0.95,0.73,0,0.09,0,0.99,1.0,1.0,1.0,0.92,LOW,0.0,88.0
0.59,0.57,0.62,0.49,0.51,5,0.44,2,0.55,0.3,0.82,0.75,0.5,MEDIUM,57.3,60.9
0.81,0.69,0.69,0.93,0.69,1,0.11,2,0.94,0.92,0.64,0.78,0.95,LOW,23.5,100.0
0.61,0.6,0.57,0.68,0.59,3,0.27,5,0.37,0.6,0.43,0.43,0.63,HIGH,65.6,24.7
1.0,0.99,0.86,0.95,1.0,0,0.07,1,0.85,0.87,0.9,1.0,0.87,LOW,0.0,82.8
0.66,0.81,0.78,0.77,0.89,0,0.0,0,0.81,0.85,0.58,0.82,0.78,LOW,16.2,72.6
0.77,0.61,0.62,0.41,0.67,3,0.41,2,0.65,0.35,0.59,0.65,0.73,MEDIUM,49.8,49.6
0.53,0.42,0.54,0.52,0.42,5,0.35,1,0.53,0.4,0.4,0.37,0.5,MEDIUM,65.4,44.8
0.4,0.4,0.3,0.33,0.23,1,0.8,0,0.3,0.3,0.25,0.2,0.5,HIGH,82.0,21.4
0.4,0.4,0.3,0.25,0.37,4,0.48,3,0.3,0.3,0.25,0.38,0.5,HIGH,100.0,28.4
1.0,0.92,0.77,0.68,0.85,0,0.5,1,1.0,0.64,0.68,0.7,0.86,LOW,13.9,78.4
0.55,0.63,0.5,0.56,0.53,6,0.15,2,0.56,0.49,0.49,0.3,0.5,HIGH,66.0,33.2
0.74,0.67,0.58,0.85,0.73,2,0.49,1,0.61,0.81,0.34,0.69,0.6,MEDIUM,44.1,57.9
0.4,0.69,0.5,0.74,0.51,1,0.12,2,0.3,0.41,0.48,0.42,0.55,MEDIUM,48.5,69.9
0.65,0.87,0.82,0.87,0.96,0,0.3,0,0.85,0.83,0.75,0.87,0.97,LOW,9.9,77.0
0.4,0.4,0.3,0.49,0.28,5,0.52,2,0.3,0.34,0.57,0.32,0.5,HIGH,94.1,35.5
0.85,0.63,0.84,0.84,0.84,1,0.07,0,0.75,0.99,0.78,0.97,0.77,LOW,5.0,84.2
0.4,0.4,0.3,0.26,0.2,5,0.42,4,0.3,0.3,0.25,0.29,0.5,HIGH,100.0,25.5
0.4,0.4,0.3,0.31,0.2,8,0.5,3,0.41,0.31,0.25,0.23,0.5,HIGH,100.0,23.6
0.91,0.73,0.75,0.76,0.81,1,0.23,0,0.82,0.94,1.0,0.87,1.0,LOW,3.1,72.2
0.57,0.74,0.54,0.86,0.6,2,0.38,5,0.58,0.47,0.47,0.2,0.61,MEDIUM,67.0,36.7
0.62,0.66,0.67,0.58,0.83,1,0.09,3,0.64,0.67,0.78,0.9,0.62,MEDIUM,33.3,78.9
0.46,0.46,0.55,0.47,0.66,2,0.47,2,0.36,0.52,0.54,0.47,0.5,MEDIUM,61.2,36.6
0.4,0.4,0.46,0.66,0.46,5,0.18,3,0.33,0.3,0.67,0.38,0.54,HIGH,76.6,45.8
0.51,0.4,0.42,0.25,0.43,3,0.46,2,0.33,0.58,0.42,0.45,0.5,HIGH,73.7,36.5
0.6,0.74,0.39,0.81,0.74,2,0.29,2,0.94,0.86,0.63,0.69,0.78,MEDIUM,39.2,71.0
0.49,0.56,0.35,0.36,0.6,3,0.61,1,0.4,0.65,0.45,0.49,0.55,HIGH,70.7,42.3
0.4,0.4,0.43,0.41,0.25,5,0.7,4,0.3,0.3,0.57,0.2,0.5,HIGH,100.0,31.6
0.65,0.77,0.97,0.86,0.48,2,0.0,2,0.86,0.88,0.86,0.74,0.73,LOW,15.8,90.7
0.78,0.59,0.68,0.44,0.77,2,0.43,4,0.63,0.88,0.81,0.73,0.71,MEDIUM,44.5,78.1
0.86,0.98,0.91,0.82,0.93,0,0.17,0,0.84,0.91,0.81,0.88,0.9,LOW,7.2,78.2
0.57,0.7,0.88,0.54,0.54,3,0.51,1,0.7,0.51,0.58,0.67,0.5,MEDIUM,45.5,55.2
0.44,0.56,0.41,0.43,0.39,4,0.48,3,0.46,0.58,0.39,0.42,0.57,HIGH,83.5,34.6
0.43,0.51,0.64,0.61,0.56,3,0.31,4,0.53,0.48,0.52,0.77,0.5,HIGH,63.7,42.5
0.93,1.0,0.88,0.85,0.75,0,0.19,0,1.0,0.91,0.87,0.99,0.88,LOW,1.1,81.8
0.4,0.56,0.3,0.36,0.37,1,0.13,2,0.42,0.52,0.27,0.29,0.5,HIGH,74.7,23.2
0.5,0.4,0.3,0.42,0.52,2,0.47,2,0.59,0.35,0.44,0.48,0.52,HIGH,69.9,27.0
0.4,0.4,0.36,0.51,0.39,0,0.35,2,0.34,0.68,0.29,0.42,0.56,HIGH,68.8,45.5
0.67,0.61,0.69,0.44,0.95,2,0.27,1,0.74,0.73,0.72,0.3,0.79,LOW,31.3,50.7
0.94,0.99,1.0,0.66,0.91,0,0.17,0,0.8,0.87,0.86,1.0,0.75,LOW,2.9,77.8
0.74,0.99,0.86,0.84,0.64,1,0.0,1,0.76,1.0,0.79,0.79,0.79,LOW,15.8,76.3
0.57,0.49,0.56,0.63,0.34,3,0.31,4,0.65,0.45,0.39,0.42,0.52,HIGH,72.9,47.8
0.76,0.75,0.97,0.65,0.89,2,0.13,3,0.86,0.96,0.92,0.86,0.98,LOW,14.0,85.9
0.52,0.6,0.5,0.4,0.65,4,0.23,1,0.55,0.57,0.46,0.59,0.5,MEDIUM,52.5,43.8
0.87,0.87,0.96,0.96,0.79,0,0.0,0,0.85,0.88,1.0,1.0,0.9,LOW,0.0,76.8
0.7,0.69,0.76,0.65,0.85,4,0.26,4,0.72,0.78,0.54,0.48,0.75,LOW,39.0,89.4
0.8,1.0,0.77,0.86,0.76,1,0.37,2,0.82,0.92,0.85,0.78,0.79,LOW,18.7,68.5
0.64,0.44,0.66,0.42,0.66,5,0.74,6,0.6,0.69,0.54,0.57,0.67,HIGH,78.6,46.1
0.56,0.49,0.67,0.4,0.65,2,0.55,1,0.51,0.51,0.44,0.61,0.51,MEDIUM,49.1,62.8
0.4,0.4,0.58,0.42,0.35,4,0.5,2,0.3,0.3,0.25,0.37,0.5,HIGH,84.4,32.0
0.4,0.4,0.3,0.25,0.2,1,0.3,5,0.3,0.56,0.25,0.51,0.5,HIGH,100.0,35.7
0.6,0.62,0.3,0.39,0.52,3,0.47,6,0.48,0.63,0.28,0.78,0.6,HIGH,90.9,55.4
0.97,0.68,0.87,1.0,1.0,1,0.0,0,0.72,0.79,0.9,0.49,0.8,LOW,7.0,72.8
0.6,0.71,0.59,0.72,0.49,1,0.14,2,0.62,0.82,1.0,0.75,0.69,MEDIUM,38.7,54.9
0.5,0.58,0.45,0.45,0.47,2,0.43,1,0.77,0.72,0.73,0.43,0.56,MEDIUM,60.5,40.2
1.0,0.99,0.81,1.0,0.76,0,0.22,0,1.0,0.99,0.97,0.76,1.0,LOW,0.7,79.3
0.81,0.84,0.91,0.76,0.74,0,0.16,1,0.99,0.9,0.63,0.84,0.9,LOW,16.7,81.1
0.98,0.82,0.83,1.0,1.0,1,0.13,0,0.95,0.84,1.0,0.96,0.76,LOW,1.0,87.6
1.0,0.93,1.0,0.62,1.0,1,0.01,0,1.0,0.78,0.6,0.79,0.96,LOW,1.0,88.1
0.62,0.4,0.5,0.35,0.51,5,0.59,4,0.47,0.46,0.63,0.41,0.5,HIGH,80.4,46.9
0.4,0.4,0.3,0.25,0.31,1,0.35,2,0.3,0.46,0.45,0.2,0.5,HIGH,72.9,24.4
0.98,1.0,0.86,0.76,0.96,0,0.17,0,0.94,1.0,0.89,0.54,0.94,LOW,0.0,84.5
0.67,0.66,0.44,0.54,0.71,4,0.55,0,0.66,0.46,0.5,0.57,0.61,MEDIUM,58.3,46.2
0.53,0.52,0.56,0.63,0.61,5,0.32,3,0.7,0.4,0.79,0.47,0.63,HIGH,64.8,35.4
0.44,0.46,0.38,0.26,0.48,1,0.07,0,0.51,0.37,0.44,0.43,0.5,MEDIUM,53.7,37.0
0.75,0.74,0.47,0.57,0.67,2,0.14,1,0.68,0.33,0.69,0.71,0.74,MEDIUM,45.1,66.2
0.78,0.79,0.63,0.81,0.84,1,0.0,1,0.9,0.86,0.9,0.71,0.87,LOW,19.8,74.4
0.73,0.85,0.6,0.7,0.78,1,0.24,1,0.64,0.64,0.63,0.45,0.75,LOW,35.0,64.1
0.73,0.9,0.6,0.88,0.68,2,0.44,0,0.78,0.7,0.53,0.96,0.59,LOW,39.5,72.4
0.42,0.4,0.4,0.39,0.35,3,0.86,3,0.54,0.3,0.51,0.4,0.5,HIGH,89.4,37.1
0.4,0.59,0.75,0.58,0.5,3,0.06,3,0.74,0.51,0.52,0.52,0.52,MEDIUM,57.4,52.3
0.73,0.61,0.72,0.96,0.86,0,0.0,1,0.8,0.81,1.0,0.99,0.87,LOW,17.7,86.2
0.9,0.84,0.94,0.96,1.0,0,0.27,0,1.0,0.98,1.0,0.87,0.87,LOW,0.7,92.7
0.53,0.7,0.46,0.66,0.65,2,0.31,2,0.63,0.43,0.61,0.51,0.65,MEDIUM,50.0,46.5
0.6,0.6,0.38,0.68,0.58,6,0.53,4,0.41,0.51,0.7,0.58,0.5,HIGH,83.3,60.0
0.62,0.63,0.6,0.56,0.39,2,0.36,0,0.52,0.55,0.41,0.58,0.64,MEDIUM,43.8,53.3
0.49,0.52,0.52,0.5,0.63,4,0.31,2,0.42,0.68,0.59,0.77,0.5,MEDIUM,60.0,40.7
0.97,0.98,0.93,1.0,0.76,0,0.14,1,0.89,1.0,0.95,0.91,0.85,LOW,0.0,100.0
0.63,0.4,0.42,0.5,0.52,4,0.39,3,0.39,0.41,0.47,0.41,0.52,HIGH,74.8,39.9
0.4,0.4,0.3,0.25,0.2,7,0.5,3,0.3,0.3,0.25,0.2,0.5,HIGH,100.0,15.0
0.4,0.4,0.3,0.32,0.34,8,0.51,6,0.3,0.45,0.25,0.66,0.5,HIGH,100.0,30.0
0.51,0.52,0.45,0.57,0.61,1,0.53,4,0.53,0.61,0.41,0.43,0.53,HIGH,69.3,41.2
0.78,0.46,0.45,0.62,0.63,1,0.23,1,0.65,0.59,0.62,0.51,0.66,MEDIUM,34.6,59.4
0.63,0.88,0.57,0.69,0.66,4,0.39,1,0.68,0.76,0.72,0.74,0.69,MEDIUM,50.2,66.0
0.69,0.73,0.79,0.64,0.79,0,0.28,0,0.83,0.97,1.0,1.0,0.98,LOW,22.3,88.2
0.4,0.4,0.3,0.42,0.26,8,0.6,2,0.3,0.33,0.25,0.4,0.5,HIGH,100.0,31.6
0.4,0.4,0.3,0.25,0.2,6,0.9,2,0.3,0.3,0.25,0.2,0.5,HIGH,100.0,34.1
0.83,1.0,0.83,0.83,0.92,1,0.1,0,0.83,1.0,0.59,0.79,0.94,LOW,8.6,80.8
0.46,0.51,0.54,0.58,0.64,2,0.6,3,0.3,0.36,0.55,0.2,0.5,MEDIUM,61.8,34.9
1.0,1.0,0.79,0.81,0.73,0,0.2,0,1.0,0.8,0.98,0.67,0.89,LOW,6.8,81.2
0.4,0.4,0.3,0.27,0.2,7,0.42,4,0.3,0.3,0.25,0.32,0.5,HIGH,100.0,21.8
0.71,0.87,0.9,0.84,0.59,2,0.0,0,0.87,0.72,1.0,1.0,0.75,LOW,10.0,100.0
0.54,0.49,0.62,0.52,0.7,3,0.0,1,0.57,0.52,0.58,0.75,0.61,MEDIUM,39.8,58.4
0.91,0.66,0.73,0.52,0.61,0,0.0,2,0.81,0.68,0.77,0.77,0.82,LOW,21.9,48.2
0.45,0.4,0.34,0.44,0.35,3,0.65,6,0.33,0.5,0.33,0.38,0.5,HIGH,100.0,33.8
0.52,0.54,0.52,0.36,0.52,4,0.24,1,0.5,0.55,0.59,0.8,0.5,HIGH,60.6,52.8
0.63,0.86,0.4,0.68,0.77,4,0.33,0,0.64,0.55,0.72,0.61,0.79,MEDIUM,46.8,64.1
0.94,0.91,0.83,0.78,0.96,0,0.22,0,1.0,0.89,0.89,0.93,1.0,LOW,0.0,96.5
0.52,0.6,0.54,0.74,0.53,6,0.66,4,0.55,0.78,0.57,0.67,0.5,HIGH,85.9,50.0
0.61,0.82,0.51,0.69,0.66,2,0.35,3,0.63,0.52,0.63,0.57,0.66,MEDIUM,47.1,48.1
0.41,0.5,0.39,0.57,0.56,4,0.18,1,0.53,0.63,0.69,0.87,0.65,MEDIUM,52.1,46.2
0.58,0.63,0.53,0.63,0.39,5,0.58,1,0.62,0.47,0.49,0.51,0.64,MEDIUM,62.8,46.1
0.53,0.42,0.52,0.68,0.52,1,0.3,2,0.57,0.65,0.52,0.74,0.5,MEDIUM,45.5,62.5
0.77,1.0,0.71,0.83,1.0,0,0.07,1,0.81,1.0,0.99,0.98,0.88,LOW,6.6,80.0
0.64,0.41,0.51,0.75,0.49,0,0.33,2,0.58,0.68,0.43,0.7,0.53,MEDIUM,48.2,60.4
0.4,0.46,0.52,0.25,0.23,8,0.67,8,0.3,0.36,0.25,0.2,0.5,HIGH,100.0,11.0
0.61,0.66,0.67,0.68,0.61,2,0.15,1,0.65,0.72,0.43,0.35,0.64,MEDIUM,39.7,48.1
0.69,0.4,0.62,0.69,0.69,2,0.42,1,0.77,0.44,0.7,0.75,0.84,MEDIUM,40.0,63.3
0.77,0.68,0.63,0.78,0.83,4,0.02,0,0.74,0.96,0.7,0.75,0.71,LOW,35.1,78.3
0.92,0.83,0.7,1.0,0.54,1,0.0,1,0.86,0.79,0.83,0.76,0.7,LOW,16.0,89.2
0.96,0.95,0.87,1.0,0.71,0,0.04,0,1.0,0.96,0.8,1.0,1.0,LOW,0.0,86.4
0.79,0.73,0.69,0.79,0.62,0,0.16,0,0.79,0.95,0.87,0.52,0.75,LOW,13.0,66.7
0.61,0.93,1.0,0.57,0.85,0,0.26,1,0.97,1.0,0.8,0.73,0.6,LOW,13.4,72.5
0.4,0.4,0.3,0.59,0.65,4,0.23,2,0.46,0.59,0.55,0.44,0.5,MEDIUM,60.7,47.1
0.82,0.8,0.84,0.54,0.86,0,0.13,1,0.7,0.76,0.8,0.72,0.82,LOW,11.6,73.8
0.41,0.51,0.56,0.36,0.61,5,0.4,3,0.47,0.67,0.4,0.61,0.5,HIGH,73.6,30.0
0.48,0.88,0.48,0.54,0.49,6,0.39,1,0.42,0.57,0.43,0.83,0.51,MEDIUM,59.8,54.3
0.77,0.67,0.96,0.71,1.0,0,0.36,0,0.86,0.76,0.89,0.7,0.9,LOW,14.8,71.2
0.6,0.65,0.35,0.5,0.72,4,0.49,0,0.52,0.45,0.45,0.76,0.5,MEDIUM,57.2,27.5
1.0,0.93,0.8,0.97,0.84,1,0.0,0,0.91,0.83,1.0,0.97,0.85,LOW,4.1,93.5
0.95,0.87,1.0,1.0,1.0,0,0.35,0,0.83,1.0,0.94,1.0,1.0,LOW,0.0,71.3
0.47,0.54,0.3,0.36,0.55,5,0.17,2,0.39,0.3,0.25,0.29,0.5,HIGH,86.0,14.5
0.85,0.92,0.71,0.94,0.98,0,0.3,0,1.0,0.84,0.79,0.97,0.89,LOW,4.6,86.2
0.62,0.4,0.52,0.6,0.4,4,0.21,2,0.62,0.68,0.75,0.7,0.62,MEDIUM,53.2,46.0
0.4,0.4,0.3,0.25,0.2,4,0.45,3,0.42,0.5,0.4,0.3,0.5,HIGH,92.4,22.7
0.64,0.5,0.76,0.63,0.46,1,0.32,1,0.7,0.59,0.46,0.71,0.63,MEDIUM,43.0,40.6
0.8,0.67,0.58,0.56,0.73,4,0.26,0,0.69,0.58,0.49,0.64,0.57,MEDIUM,36.1,72.3
0.4,0.4,0.34,0.31,0.21,1,0.41,5,0.3,0.3,0.32,0.2,0.5,HIGH,96.0,31.2
0.99,0.75,0.74,1.0,0.59,0,0.13,0,0.91,0.96,1.0,0.78,0.96,LOW,4.4,72.1
0.56,0.57,0.6,0.5,0.76,1,0.33,0,0.6,0.46,0.57,0.77,0.57,MEDIUM,35.3,68.2
0.44,0.61,0.67,0.63,0.67,0,0.36,1,0.55,0.67,0.59,0.72,0.5,MEDIUM,49.4,49.7
0.4,0.4,0.55,0.41,0.36,6,0.45,5,0.3,0.31,0.26,0.2,0.5,HIGH,100.0,23.0
0.58,0.57,0.96,0.55,0.68,1,0.27,3,0.68,0.7,0.63,0.73,0.62,MEDIUM,37.7,65.0
0.69,0.83,0.56,0.88,0.81,2,0.29,1,0.61,0.88,1.0,1.0,0.69,LOW,28.7,73.6
0.65,0.74,0.91,0.94,0.88,0,0.25,0,0.84,0.83,0.83,0.74,0.8,LOW,12.7,80.5
0.4,0.4,0.35,0.37,0.46,3,0.85,2,0.3,0.59,0.25,0.23,0.5,HIGH,93.1,22.1
0.59,0.58,0.67,0.65,0.55,2,0.48,1,0.6,0.57,0.38,0.54,0.5,MEDIUM,50.0,57.4
0.71,0.64,0.79,0.81,0.74,3,0.19,4,0.55,0.81,0.87,0.64,0.8,LOW,34.1,46.0
0.85,0.87,0.88,0.93,0.81,1,0.0,0,0.75,0.93,0.82,1.0,0.88,LOW,2.7,69.6
0.5,0.49,0.55,0.53,0.57,3,0.0,1,0.5,0.57,0.6,0.5,0.5,MEDIUM,44.3,53.4
0.7,0.72,0.65,0.85,0.53,2,0.0,1,0.79,0.93,0.44,0.48,0.67,LOW,33.0,76.3
0.48,0.42,0.3,0.46,0.71,6,0.57,3,0.57,0.33,0.25,0.44,0.5,HIGH,88.3,29.8
0.4,0.4,0.3,0.31,0.23,5,0.57,2,0.3,0.43,0.29,0.37,0.5,HIGH,100.0,20.2
0.46,0.44,0.58,0.47,0.51,2,0.28,0,0.39,0.36,0.45,0.51,0.5,MEDIUM,50.9,38.6
0.96,0.89,0.78,0.83,0.75,0,0.01,3,0.81,0.87,0.79,0.74,0.83,LOW,9.5,60.4
0.77,0.91,1.0,0.9,1.0,1,0.22,1,0.81,1.0,0.65,0.97,0.8,LOW,7.1,83.8
0.4,0.4,0.38,0.42,0.49,4,0.59,3,0.3,0.52,0.4,0.41,0.5,HIGH,90.1,19.8
0.65,0.57,0.47,0.63,0.9,3,0.38,1,0.58,0.46,0.61,0.6,0.65,MEDIUM,47.1,53.5
0.77,0.73,0.59,0.77,0.73,2,0.36,3,0.86,0.68,0.63,0.5,0.78,MEDIUM,42.2,70.8
0.48,0.61,0.37,0.6,0.63,2,0.44,6,0.46,0.68,0.57,0.83,0.69,HIGH,67.6,47.0
0.69,0.69,0.38,0.87,0.53,5,0.39,3,0.74,0.74,0.5,0.82,0.69,MEDIUM,53.9,55.3
0.79,0.61,0.52,0.65,0.83,2,0.0,1,0.56,0.4,0.62,0.61,0.6,LOW,34.0,47.9
0.44,0.4,0.34,0.53,0.31,7,0.45,3,0.49,0.44,0.62,0.74,0.5,HIGH,88.0,43.8
1.0,1.0,0.91,0.75,1.0,2,0.35,0,0.93,0.71,0.96,0.81,0.9,LOW,6.7,70.8
0.67,0.56,0.51,0.86,0.84,5,0.33,1,0.81,0.71,0.73,0.38,0.5,MEDIUM,48.7,60.0
0.4,0.4,0.33,0.33,0.46,4,0.8,5,0.39,0.41,0.4,0.32,0.5,HIGH,100.0,36.0
0.75,0.91,0.72,0.94,0.76,0,0.23,0,0.6,0.79,0.98,0.78,0.6,LOW,12.4,82.9
0.64,0.44,0.49,0.71,0.49,0,0.24,1,0.59,0.44,0.76,0.74,0.5,MEDIUM,39.7,43.7
0.96,0.85,0.75,0.74,0.72,1,0.0,0,0.73,0.74,0.85,0.94,0.76,LOW,10.0,94.7
0.87,0.94,0.67,1.0,0.88,0,0.16,2,0.84,1.0,0.89,0.89,0.9,LOW,11.1,89.2
0.4,0.4,0.64,0.39,0.43,4,0.48,1,0.3,0.32,0.36,0.33,0.5,HIGH,76.2,17.0
0.76,0.7,0.73,0.81,0.88,2,0.02,0,0.86,0.72,1.0,0.89,0.91,LOW,6.2,71.0
0.56,0.59,0.52,0.56,0.48,2,0.29,2,0.59,0.66,0.51,0.61,0.5,MEDIUM,46.0,35.0
0.5,0.56,0.57,0.38,0.53,4,0.04,4,0.58,0.64,0.48,0.69,0.58,MEDIUM,60.8,53.2
0.4,0.4,0.3,0.58,0.42,7,0.56,7,0.3,0.59,0.57,0.43,0.5,HIGH,100.0,10.4
0.54,0.41,0.4,0.63,0.49,6,0.63,2,0.45,0.34,0.5,0.25,0.52,HIGH,91.8,44.8
0.53,0.52,0.62,0.62,0.73,6,0.23,1,0.64,0.74,0.46,0.59,0.59,MEDIUM,42.3,56.5
0.6,0.61,0.65,0.37,0.79,5,0.17,4,0.59,0.47,0.54,0.71,0.57,MEDIUM,49.0,54.9
0.64,0.8,0.86,0.27,0.68,3,0.35,2,0.75,0.52,0.83,0.89,0.7,MEDIUM,43.4,74.0
0.44,0.4,0.69,0.3,0.76,5,0.44,5,0.47,0.52,0.51,0.51,0.59,HIGH,69.8,38.7
0.48,0.63,0.59,0.72,0.61,2,0.49,1,0.82,0.6,0.49,0.48,0.79,MEDIUM,42.9,55.8
0.63,0.75,0.62,0.65,0.76,2,0.33,1,0.56,0.7,0.7,0.7,0.53,LOW,32.0,65.7
0.58,0.62,0.53,0.25,0.7,1,0.0,3,0.49,0.56,0.49,0.55,0.5,MEDIUM,53.6,45.3
0.47,0.6,0.74,0.72,0.63,5,0.53,0,0.73,0.67,0.76,0.74,0.89,MEDIUM,51.7,67.5
0.58,0.66,0.64,0.46,0.73,2,0.3,1,0.65,0.54,0.31,0.58,0.63,MEDIUM,48.6,64.2
0.51,0.4,0.52,0.57,0.55,2,0.17,3,0.52,0.62,0.64,0.71,0.5,MEDIUM,53.8,59.4
0.88,0.95,0.8,0.84,0.77,2,0.31,2,0.89,1.0,1.0,0.96,0.86,LOW,12.0,78.9
0.92,0.93,0.92,0.96,0.74,2,0.12,0,0.74,0.89,0.93,0.67,0.79,LOW,8.3,60.1
0.93,0.7,0.75,0.81,0.69,0,0.19,0,0.79,0.89,0.88,0.9,0.81,LOW,19.6,85.8
0.4,0.4,0.53,0.65,0.4,4,0.48,4,0.37,0.3,0.35,0.4,0.5,HIGH,83.8,33.9
0.7,0.63,0.61,0.55,0.82,5,0.43,2,0.78,0.49,0.61,0.2,0.59,MEDIUM,55.2,46.8
0.7,1.0,0.7,0.74,0.56,0,0.12,1,0.9,0.77,0.83,0.67,0.79,LOW,16.9,86.5
0.58,0.49,0.72,0.83,0.6,1,0.37,2,0.55,0.8,0.59,0.9,0.5,MEDIUM,43.5,47.0
0.67,0.78,0.7,0.56,0.48,2,0.21,1,0.65,0.62,0.79,0.95,0.64,LOW,36.8,72.0
0.65,0.82,0.49,0.67,0.64,1,0.35,3,0.94,0.69,0.84,0.8,0.67,LOW,38.3,69.7
0.75,0.79,0.65,0.79,0.61,5,0.35,2,0.86,0.83,0.68,0.69,0.77,MEDIUM,41.0,47.8
0.4,0.4,0.44,0.48,0.35,8,0.22,1,0.3,0.75,0.53,0.45,0.5,HIGH,85.9,27.5
0.89,0.78,0.97,0.73,0.73,0,0.0,0,0.85,1.0,0.98,1.0,0.92,LOW,4.5,83.2
0.4,0.4,0.3,0.41,0.2,7,0.61,0,0.32,0.3,0.44,0.2,0.5,HIGH,100.0,49.0
0.72,0.62,0.52,0.47,0.66,0,0.42,2,0.58,0.63,0.45,0.63,0.79,MEDIUM,50.3,54.1
1.0,1.0,0.91,0.79,0.82,1,0.0,0,1.0,0.82,0.79,0.94,1.0,LOW,0.0,78.4
0.63,0.91,0.81,0.83,1.0,1,0.12,0,0.75,0.64,0.91,0.94,0.93,LOW,15.8,93.1
1.0,0.81,0.94,0.8,1.0,1,0.0,1,1.0,0.97,1.0,0.78,1.0,LOW,0.0,91.4
0.89,0.85,0.98,0.88,0.98,0,0.09,0,0.8,0.85,0.81,0.88,0.73,LOW,0.0,75.2
0.61,0.64,0.43,0.5,0.76,7,0.21,4,0.49,0.36,0.57,0.33,0.5,HIGH,70.7,29.3
0.4,0.47,0.53,0.42,0.56,4,0.3,2,0.56,0.3,0.55,0.65,0.56,MEDIUM,63.9,28.8
0.68,0.75,0.72,0.79,0.66,4,0.12,5,0.72,0.56,0.64,0.56,0.8,MEDIUM,41.8,54.4
0.4,0.4,0.32,0.4,0.37,5,0.3,2,0.37,0.41,0.47,0.4,0.5,HIGH,86.4,61.1
0.6,0.81,0.47,0.69,0.5,4,0.24,1,0.48,0.58,0.56,0.39,0.6,MEDIUM,55.1,41.4
0.81,0.95,0.79,1.0,0.75,1,0.1,1,0.75,0.72,0.88,0.92,0.84,LOW,16.8,63.2
0.59,0.4,0.64,0.58,0.58,5,0.14,4,0.52,0.56,0.65,0.79,0.83,MEDIUM,52.9,62.1
0.83,0.95,0.64,0.73,0.77,2,0.21,2,0.86,0.74,0.69,0.95,0.76,LOW,29.5,60.6
0.66,0.66,0.73,0.99,0.99,2,0.36,1,0.93,0.65,1.0,0.83,0.8,LOW,26.2,84.4
0.4,0.46,0.3,0.3,0.49,5,0.23,2,0.3,0.3,0.25,0.28,0.5,HIGH,85.6,42.4
0.67,0.44,0.71,0.76,0.7,2,0.3,1,0.55,0.77,0.51,0.61,0.59,MEDIUM,38.8,75.3
0.97,0.94,0.94,0.94,0.85,0,0.36,1,1.0,0.89,1.0,0.91,1.0,LOW,4.0,87.3
0.82,0.99,0.86,0.96,0.99,2,0.3,1,0.97,0.97,0.69,0.75,0.65,LOW,19.7,94.2
0.46,0.64,0.8,0.41,0.58,2,0.27,1,0.4,0.54,0.31,0.64,0.5,MEDIUM,50.2,56.4
0.62,0.56,0.5,0.51,0.5,3,0.53,3,0.52,0.58,0.65,0.4,0.71,HIGH,70.3,36.9
0.58,0.56,0.66,0.57,0.5,1,0.0,1,0.53,0.81,0.6,0.42,0.55,LOW,35.7,44.1
0.76,0.85,0.72,0.59,0.95,1,0.38,1,0.71,0.66,0.92,0.82,0.94,LOW,32.1,83.6
0.79,0.8,0.77,1.0,0.93,1,0.0,1,0.56,0.91,1.0,1.0,0.78,LOW,12.6,79.0
0.74,0.56,0.72,0.71,0.68,4,0.53,3,0.6,0.6,0.74,0.74,0.66,MEDIUM,47.9,62.9
0.63,0.71,0.43,0.87,0.98,1,0.41,2,0.77,0.63,1.0,0.34,0.84,LOW,29.0,60.8
0.75,0.73,0.62,0.76,0.49,3,0.41,1,0.68,0.55,0.54,0.63,0.87,MEDIUM,43.9,81.1
0.88,1.0,1.0,0.67,0.88,1,0.07,1,0.97,0.74,0.91,0.68,0.94,LOW,4.6,78.1
0.65,0.4,0.69,0.69,0.6,3,0.24,6,0.58,0.79,0.54,0.54,0.57,MEDIUM,60.6,56.3
0.58,0.55,0.55,0.48,0.67,4,0.02,0,0.52,0.78,0.62,0.66,0.63,MEDIUM,50.3,61.0
0.65,0.68,0.58,0.69,0.68,4,0.27,7,0.62,0.6,0.66,0.52,0.57,HIGH,72.5,47.7
0.47,0.57,0.74,0.57,0.62,3,0.47,4,0.37,0.65,0.57,0.8,0.59,HIGH,68.7,45.5
0.73,0.87,0.76,0.85,0.75,0,0.38,0,0.92,1.0,1.0,1.0,0.84,LOW,5.8,90.3
0.72,0.92,0.91,0.85,0.76,3,0.22,1,0.85,0.79,0.86,0.59,0.81,LOW,19.4,86.3
0.4,0.4,0.3,0.25,0.37,0,0.71,2,0.32,0.45,0.25,0.25,0.5,HIGH,83.8,29.0
0.69,0.52,0.92,0.55,0.6,0,0.18,3,0.6,0.82,0.54,0.67,0.5,MEDIUM,34.2,36.4
0.44,0.4,0.38,0.63,0.43,3,0.3,1,0.37,0.59,0.46,0.5,0.64,MEDIUM,63.3,42.7
1.0,1.0,1.0,0.84,0.99,0,0.11,0,0.94,0.89,0.82,0.96,0.95,LOW,0.0,91.4
0.4,0.43,0.3,0.25,0.32,10,0.54,4,0.3,0.42,0.25,0.26,0.5,HIGH,100.0,18.8
0.53,0.67,0.39,0.25,0.62,6,0.4,0,0.73,0.71,0.42,0.68,0.5,HIGH,72.2,42.5
0.76,0.89,1.0,0.8,1.0,0,0.06,0,0.75,0.78,1.0,1.0,0.85,LOW,0.0,79.4
0.43,0.43,0.49,0.35,0.2,4,0.4,6,0.41,0.3,0.51,0.39,0.5,HIGH,95.5,45.6
0.44,0.62,0.5,0.48,0.41,3,0.11,3,0.62,0.57,0.44,0.39,0.71,MEDIUM,63.9,62.8
0.66,0.64,0.51,0.56,0.59,4,0.6,2,0.83,0.73,0.46,0.64,0.56,MEDIUM,62.4,54.8
0.4,0.5,0.53,0.45,0.38,6,0.52,2,0.44,0.36,0.55,0.52,0.5,HIGH,73.8,33.7
0.87,0.88,0.75,0.61,0.79,0,0.3,2,0.76,0.63,0.71,0.56,0.78,LOW,22.2,73.4
0.4,0.4,0.3,0.25,0.21,6,0.59,2,0.3,0.3,0.25,0.2,0.5,HIGH,100.0,7.4
0.43,0.67,0.45,0.3,0.57,3,0.57,2,0.59,0.56,0.81,0.61,0.5,HIGH,69.7,49.4
0.62,0.7,0.79,0.5,0.5,1,0.13,2,0.5,0.9,0.66,0.43,0.56,MEDIUM,40.2,42.6
0.43,0.4,0.3,0.25,0.2,5,0.09,1,0.3,0.56,0.58,0.51,0.5,HIGH,73.8,46.2
0.96,1.0,0.73,0.92,0.98,2,0.06,0,0.73,0.95,0.81,0.75,0.99,LOW,12.2,100.0
0.72,0.72,0.8,0.62,0.68,4,0.56,4,0.59,0.68,0.54,0.46,0.77,MEDIUM,47.2,49.2
0.84,0.85,0.74,0.83,0.87,0,0.13,0,0.9,0.73,0.84,0.88,0.95,LOW,6.6,82.9
0.59,0.73,0.44,0.59,0.42,6,0.04,3,0.61,0.7,0.48,0.74,0.63,HIGH,61.2,47.7
0.55,0.73,0.76,0.81,0.96,0,0.06,0,0.76,0.9,0.67,0.63,0.8,LOW,12.7,72.6
0.66,0.71,0.56,0.51,0.7,1,0.3,0,0.57,0.6,0.34,0.67,0.5,MEDIUM,44.9,45.4
0.76,0.94,0.79,0.78,0.96,3,0.0,0,0.79,0.89,1.0,0.97,0.7,LOW,15.5,84.8
0.97,1.0,0.79,1.0,0.75,0,0.0,1,0.98,0.87,1.0,1.0,0.77,LOW,2.1,79.7
0.47,0.42,0.54,0.4,0.36,9,0.58,5,0.4,0.32,0.25,0.5,0.5,HIGH,100.0,18.8
0.42,0.41,0.57,0.48,0.34,6,0.29,2,0.65,0.37,0.69,0.55,0.54,HIGH,72.8,35.2
0.4,0.4,0.35,0.39,0.36,4,0.4,4,0.3,0.32,0.47,0.51,0.5,HIGH,85.0,33.0
0.68,0.62,0.5,0.64,0.66,5,0.55,1,0.61,0.49,0.59,0.79,0.55,MEDIUM,59.7,63.9
1.0,1.0,0.71,1.0,0.86,5,0.3,0,1.0,0.99,1.0,0.73,1.0,LOW,21.6,82.1
0.4,0.4,0.49,0.79,0.76,4,0.52,8,0.37,0.3,0.35,0.24,0.5,HIGH,88.9,40.4
0.68,0.51,0.62,0.7,0.44,2,0.18,1,0.54,0.58,0.47,0.58,0.73,MEDIUM,45.4,58.9
0.7,0.64,0.88,0.71,0.42,1,0.14,2,0.78,0.65,0.67,0.74,0.77,LOW,31.4,69.5
0.4,0.4,0.3,0.26,0.2,2,0.91,4,0.3,0.51,0.44,0.42,0.5,HIGH,100.0,32.4
0.7,0.68,0.74,0.49,0.64,3,0.55,2,0.49,0.67,0.69,0.76,0.64,MEDIUM,51.7,61.4
0.63,0.71,0.75,0.96,0.8,1,0.06,0,0.56,0.89,0.81,1.0,0.81,LOW,19.8,89.6
0.63,0.86,0.43,0.72,0.7,7,0.14,0,0.53,0.57,0.66,0.8,0.57,MEDIUM,45.1,60.6
0.92,0.75,0.86,0.83,0.86,2,0.11,0,0.74,0.93,0.76,1.0,0.89,LOW,5.1,98.7
0.83,0.88,0.94,0.89,0.87,2,0.0,1,1.0,0.98,0.86,0.81,0.87,LOW,8.9,97.1
0.7,0.67,0.46,0.54,0.37,2,0.3,4,0.65,0.66,0.52,0.75,0.65,MEDIUM,63.0,66.9
1.0,0.86,0.95,1.0,0.91,0,0.15,0,0.94,1.0,0.91,1.0,0.89,LOW,0.0,86.4
0.4,0.4,0.37,0.25,0.36,6,0.75,6,0.3,0.3,0.31,0.27,0.5,HIGH,100.0,16.4
0.4,0.4,0.3,0.25,0.21,5,0.59,0,0.3,0.3,0.25,0.4,0.5,HIGH,95.9,21.1
0.7,0.56,0.71,0.82,0.84,0,0.27,1,0.82,0.83,0.99,0.82,0.69,LOW,14.7,69.3
0.48,0.4,0.3,0.25,0.33,8,0.65,4,0.3,0.3,0.25,0.2,0.5,HIGH,100.0,13.1
0.4,0.4,0.38,0.32,0.25,5,0.3,4,0.35,0.3,0.33,0.59,0.5,HIGH,86.7,25.2
0.68,0.74,0.63,0.48,0.85,4,0.15,1,0.62,0.5,0.53,0.43,0.53,MEDIUM,45.5,46.4
0.54,0.61,0.42,0.47,0.55,2,0.04,1,0.51,0.44,0.68,0.67,0.5,MEDIUM,53.7,39.1
0.4,0.51,0.49,0.54,0.39,4,0.4,5,0.51,0.3,0.52,0.26,0.5,HIGH,87.6,25.1
0.68,0.78,0.47,0.46,0.78,2,0.39,2,0.82,0.3,0.68,0.55,0.69,MEDIUM,45.2,50.6
0.76,0.75,0.49,0.81,0.9,3,0.39,2,0.61,0.68,0.69,0.92,0.55,LOW,36.7,63.5
0.83,0.81,0.66,0.65,0.7,1,0.13,1,0.6,0.67,0.46,0.47,0.69,LOW,26.6,65.6
0.87,0.81,0.95,0.98,0.76,0,0.1,0,0.8,1.0,0.77,0.96,0.71,LOW,8.0,89.8
0.72,0.54,0.48,0.9,0.54,2,0.35,1,0.8,0.67,0.66,0.74,0.67,MEDIUM,41.3,61.7
0.74,0.71,0.65,0.47,0.82,3,0.09,1,0.8,0.65,0.42,0.83,0.69,LOW,36.7,50.9
0.75,0.78,0.79,0.73,0.86,1,0.46,4,0.95,0.94,0.91,0.74,0.96,LOW,32.3,59.7
0.95,0.8,0.93,0.76,0.78,0,0.04,0,0.89,0.97,0.92,0.87,0.91,LOW,3.7,88.5
0.74,0.84,0.84,0.85,0.92,0,0.0,0,0.92,0.75,0.88,0.77,0.98,LOW,7.8,82.8
0.4,0.4,0.3,0.25,0.32,7,0.54,8,0.3,0.3,0.25,0.45,0.5,HIGH,100.0,25.7
0.93,0.76,0.78,0.72,0.78,1,0.14,1,0.77,0.96,0.79,1.0,0.84,LOW,15.8,89.4
0.62,0.6,0.59,0.63,0.55,3,0.18,2,0.63,0.66,0.98,0.76,0.7,MEDIUM,46.9,68.8
0.66,0.47,0.3,0.56,0.2,3,0.32,3,0.45,0.63,0.73,0.59,0.64,HIGH,67.6,45.6
0.77,0.92,0.69,0.58,0.87,1,0.43,1,0.66,0.6,0.47,0.64,0.8,MEDIUM,39.4,68.7
0.57,0.64,0.86,0.43,0.53,3,0.35,4,0.52,0.49,0.29,0.63,0.59,MEDIUM,55.4,28.5
1.0,0.97,1.0,0.9,0.99,0,0.05,0,1.0,1.0,0.79,0.95,1.0,LOW,0.0,87.6
0.69,0.5,0.52,0.72,0.57,3,0.45,5,0.56,0.53,0.53,0.71,0.66,HIGH,72.0,56.4
0.43,0.44,0.3,0.25,0.26,1,0.74,6,0.4,0.38,0.35,0.2,0.5,HIGH,100.0,22.8
0.56,0.69,0.65,0.35,0.95,1,0.49,2,0.79,0.71,0.53,0.94,0.78,MEDIUM,38.1,80.2
0.62,0.74,0.79,0.53,0.47,1,0.17,4,1.0,1.0,0.8,0.92,0.83,LOW,35.1,68.5
0.83,0.71,0.89,0.8,0.67,0,0.13,1,0.93,0.8,0.92,0.89,0.87,LOW,11.2,73.1
0.7,0.58,0.64,0.48,0.82,1,0.39,2,0.74,0.82,0.53,0.54,0.73,MEDIUM,39.3,63.7
0.4,0.4,0.3,0.25,0.2,9,0.53,7,0.4,0.44,0.29,0.32,0.5,HIGH,100.0,27.4
0.63,0.6,0.46,0.57,0.63,5,0.01,0,0.59,0.74,0.52,0.56,0.54,MEDIUM,43.2,67.8
0.4,0.47,0.34,0.32,0.4,0,0.42,5,0.38,0.41,0.39,0.33,0.5,HIGH,81.8,19.1
0.96,1.0,0.81,0.99,0.73,2,0.0,0,0.85,0.96,0.79,0.74,0.76,LOW,6.5,85.2
0.74,0.64,0.46,0.39,0.97,2,0.41,0,0.59,0.83,0.76,0.65,0.81,LOW,32.6,55.1
0.4,0.4,0.32,0.27,0.24,1,0.36,1,0.38,0.3,0.48,0.21,0.5,HIGH,77.0,8.5
0.4,0.4,0.3,0.27,0.38,7,0.56,5,0.3,0.3,0.31,0.33,0.5,HIGH,100.0,16.9
0.57,0.76,0.74,0.9,0.81,2,0.24,1,0.45,0.76,0.46,0.62,0.63,MEDIUM,37.3,45.5
0.78,0.95,0.87,0.9,0.93,3,0.2,1,1.0,0.64,0.72,0.72,0.74,LOW,12.8,71.3
0.4,0.4,0.3,0.25,0.2,3,0.57,2,0.3,0.39,0.25,0.2,0.5,HIGH,92.4,30.2
0.67,0.79,0.72,0.99,0.85,1,0.0,1,0.72,0.76,0.7,1.0,0.87,LOW,13.7,53.3
0.67,0.76,0.78,0.85,0.83,3,0.17,0,0.88,0.86,0.64,0.89,0.67,LOW,20.1,62.5
0.81,1.0,0.8,0.7,1.0,1,0.11,0,0.87,0.8,0.78,1.0,0.83,LOW,4.4,79.9
0.4,0.4,0.3,0.25,0.27,8,0.62,7,0.3,0.47,0.4,0.2,0.5,HIGH,100.0,11.4
0.62,1.0,0.97,0.8,0.86,0,0.01,0,0.92,0.84,0.79,1.0,0.89,LOW,2.8,88.9
0.76,0.83,1.0,0.75,0.76,3,0.33,1,0.82,0.57,0.98,0.83,0.9,LOW,23.8,74.7
0.4,0.4,0.3,0.25,0.25,2,0.48,3,0.3,0.3,0.39,0.31,0.5,HIGH,86.7,20.2
0.4,0.4,0.36,0.31,0.36,9,0.28,3,0.3,0.3,0.25,0.2,0.5,HIGH,100.0,13.2
0.55,0.62,0.93,0.76,0.67,3,0.57,4,0.49,0.59,0.75,0.48,0.71,MEDIUM,51.6,48.7
0.4,0.4,0.47,0.46,0.41,8,0.52,4,0.3,0.3,0.43,0.51,0.5,HIGH,100.0,28.4
0.72,0.86,0.9,0.62,0.8,2,0.0,1,0.9,0.88,0.86,0.68,0.8,LOW,21.0,67.3
0.47,0.51,0.44,0.69,0.63,2,0.31,2,0.85,0.41,0.43,0.48,0.56,MEDIUM,55.4,41.5
0.85,0.95,0.94,1.0,0.72,2,0.15,1,0.8,0.98,0.69,0.99,0.77,LOW,11.2,97.6
0.57,0.79,0.84,0.64,0.48,4,0.39,1,0.61,0.73,0.53,0.74,0.73,MEDIUM,33.3,63.3
0.4,0.4,0.48,0.42,0.55,6,0.47,4,0.33,0.3,0.25,0.3,0.5,HIGH,88.8,31.9
0.87,1.0,0.85,0.81,0.7,6,0.25,4,0.93,0.64,0.84,0.64,0.96,MEDIUM,32.2,62.2
0.62,0.93,0.83,0.81,1.0,0,0.01,0,0.74,1.0,0.83,0.88,0.86,LOW,0.2,85.6
0.64,0.54,0.66,0.75,0.71,1,0.05,4,0.64,0.6,0.5,0.54,0.5,MEDIUM,46.0,49.8
0.4,0.4,0.35,0.25,0.32,2,0.66,4,0.51,0.3,0.57,0.58,0.5,HIGH,94.5,39.6
0.59,0.73,0.72,0.67,0.6,2,0.5,2,0.68,0.87,0.4,0.97,0.62,MEDIUM,53.8,59.8
0.88,0.87,0.72,0.85,0.69,3,0.1,1,0.71,0.65,0.87,0.83,0.81,LOW,22.8,69.7
0.59,0.63,0.6,0.5,0.73,2,0.42,2,0.49,0.6,0.46,0.59,0.75,MEDIUM,56.1,32.1
0.7,0.52,0.79,0.78,0.54,4,0.09,5,0.65,0.57,0.59,0.49,0.61,MEDIUM,47.1,58.9
0.9,0.95,0.9,1.0,0.89,1,0.25,0,0.98,0.76,0.89,1.0,1.0,LOW,0.0,90.7
0.5,0.53,0.56,0.81,0.55,1,0.1,1,0.67,0.58,0.49,0.67,0.62,MEDIUM,44.2,53.6
0.4,0.4,0.3,0.25,0.2,7,0.59,4,0.48,0.3,0.25,0.3,0.5,HIGH,100.0,14.3
0.52,0.61,0.35,0.54,0.41,4,0.05,3,0.77,0.7,0.67,0.57,0.65,HIGH,61.6,49.2
0.42,0.53,0.43,0.48,0.2,4,0.36,2,0.34,0.51,0.35,0.47,0.5,HIGH,82.0,31.4
0.4,0.4,0.3,0.25,0.2,3,0.24,2,0.41,0.46,0.38,0.2,0.5,HIGH,75.0,36.2
0.5,0.7,0.67,0.54,0.74,2,0.23,8,0.47,0.46,0.45,0.35,0.64,MEDIUM,59.9,36.3
0.7,0.73,0.69,0.61,0.61,2,0.53,1,0.62,0.76,0.43,0.63,0.53,MEDIUM,45.1,54.4
1.0,0.94,0.71,0.81,0.72,2,0.11,0,0.81,0.65,0.81,0.75,0.85,LOW,9.3,70.5
0.48,0.65,0.51,0.57,0.66,3,0.36,5,0.65,0.55,0.5,0.75,0.5,HIGH,72.8,55.9
0.69,0.53,0.71,0.57,0.43,6,0.37,4,0.75,0.59,0.67,0.66,0.54,MEDIUM,57.4,54.6
0.45,0.56,0.3,0.46,0.2,10,0.58,3,0.63,0.3,0.47,0.24,0.5,HIGH,100.0,43.3
0.69,0.74,0.68,0.62,0.81,5,0.24,0,0.71,0.71,0.59,0.72,0.58,MEDIUM,36.9,80.5
0.9,1.0,0.92,0.66,0.94,1,0.41,1,0.92,1.0,0.84,0.85,1.0,LOW,14.6,81.9
0.94,0.97,0.85,0.77,0.93,1,0.06,1,0.93,0.9,0.76,1.0,0.85,LOW,4.4,72.1
0.69,0.63,0.79,0.77,0.55,2,0.2,1,0.57,0.5,0.64,0.45,0.68,MEDIUM,33.0,59.3
0.96,1.0,0.87,0.69,1.0,0,0.16,1,0.86,0.81,1.0,0.6,0.95,LOW,1.1,85.0
0.6,0.61,0.64,0.77,0.66,5,0.39,3,0.74,0.61,0.64,0.81,0.62,MEDIUM,45.4,46.8
0.67,0.69,0.63,0.5,0.79,3,0.46,2,0.67,0.6,0.54,0.83,0.55,MEDIUM,42.6,53.4
0.57,0.53,0.59,0.53,0.4,7,0.41,4,0.52,0.46,0.6,0.68,0.5,HIGH,74.9,38.8
0.51,0.63,0.45,0.65,0.5,3,0.35,2,0.52,0.44,0.83,0.42,0.53,MEDIUM,53.8,53.0
0.56,0.52,0.92,0.57,0.59,5,0.56,3,0.6,0.7,0.55,0.53,0.58,MEDIUM,64.3,45.3
0.56,0.4,0.48,0.53,0.52,2,0.29,3,0.44,0.71,0.58,0.36,0.5,HIGH,72.2,43.3
0.6,0.57,0.54,0.38,0.5,4,0.05,4,0.67,0.8,0.74,0.69,0.65,MEDIUM,55.5,45.1
0.83,0.74,0.87,0.95,0.66,3,0.17,2,0.8,0.78,0.81,0.88,0.81,LOW,20.6,73.6
0.4,0.57,0.78,0.56,0.37,0,0.24,3,0.48,0.61,0.59,0.86,0.5,MEDIUM,42.3,58.9
0.86,1.0,1.0,0.79,0.99,1,0.19,0,0.85,1.0,1.0,0.91,0.89,LOW,0.0,96.3
0.84,0.53,0.46,0.69,0.41,3,0.3,3,0.66,0.66,0.73,0.61,0.71,MEDIUM,60.7,63.6
0.65,0.51,0.41,0.25,0.48,5,0.27,2,0.4,0.62,0.25,0.34,0.5,HIGH,74.8,34.3
0.78,0.68,0.93,1.0,0.79,0,0.0,0,0.88,0.94,0.87,0.68,0.79,LOW,1.3,65.1
0.91,1.0,0.95,0.69,1.0,0,0.14,0,0.91,1.0,0.63,1.0,1.0,LOW,0.0,73.0
1.0,0.97,1.0,1.0,0.95,1,0.08,2,1.0,1.0,0.73,0.66,1.0,LOW,0.3,95.2
0.74,0.56,0.51,0.49,0.64,1,0.12,1,0.59,0.81,0.79,0.42,0.62,MEDIUM,39.4,62.0
0.4,0.4,0.37,0.25,0.47,2,0.53,1,0.3,0.44,0.43,0.33,0.5,HIGH,75.0,38.5
0.41,0.56,0.57,0.73,0.52,1,0.37,4,0.71,0.66,0.78,0.61,0.57,MEDIUM,51.5,64.7
0.55,0.77,0.41,0.55,0.49,2,0.18,6,0.63,0.44,0.68,0.49,0.62,HIGH,67.7,51.1
0.56,0.55,0.3,0.56,0.51,0,0.45,2,0.3,0.58,0.58,0.34,0.58,MEDIUM,53.7,40.7
0.97,0.78,0.78,0.88,0.9,2,0.39,1,0.81,0.8,0.79,0.5,1.0,LOW,16.6,59.8
0.63,0.51,0.61,0.51,0.34,2,0.47,0,0.49,0.73,0.31,0.79,0.59,MEDIUM,52.2,49.9
0.49,0.65,0.35,0.39,0.58,3,0.21,4,0.65,0.62,0.57,0.61,0.62,HIGH,68.1,55.6
0.63,0.61,0.62,0.42,0.78,2,0.57,2,0.63,0.74,0.47,0.56,0.6,MEDIUM,50.6,41.0
0.4,0.4,0.33,0.27,0.33,7,0.76,3,0.49,0.44,0.31,0.3,0.5,HIGH,100.0,31.3
0.58,0.71,0.68,0.66,0.66,0,0.58,2,0.55,0.66,0.7,0.64,0.51,MEDIUM,34.8,58.4
0.97,1.0,0.95,0.93,0.97,3,0.22,1,0.86,0.94,0.83,0.85,0.89,LOW,5.7,73.4
0.82,0.52,0.8,0.55,0.6,4,0.2,2,0.68,0.62,0.85,0.75,0.5,MEDIUM,36.6,65.2
0.88,0.92,0.95,0.8,0.64,1,0.03,2,1.0,1.0,0.66,1.0,0.86,LOW,19.7,100.0
0.62,0.6,0.91,1.0,0.54,0,0.41,0,0.66,0.83,0.88,0.66,0.69,LOW,23.2,61.8
0.4,0.4,0.3,0.25,0.2,6,0.67,2,0.31,0.38,0.25,0.47,0.5,HIGH,100.0,17.7
0.5,0.76,0.46,0.44,0.74,2,0.28,2,0.51,0.72,0.57,0.61,0.65,MEDIUM,60.2,48.1
0.63,0.49,0.61,0.59,0.52,0,0.15,1,0.71,0.32,0.68,0.65,0.74,MEDIUM,35.0,59.6
0.63,0.7,0.63,0.55,0.77,1,0.34,2,0.55,0.61,0.53,0.52,0.85,MEDIUM,43.5,52.7
0.66,0.7,0.48,0.46,0.52,2,0.39,3,0.59,0.39,0.45,0.7,0.5,MEDIUM,55.7,45.7
0.94,0.9,1.0,0.89,0.94,2,0.36,0,0.89,1.0,0.99,0.99,1.0,LOW,8.1,69.3
0.49,0.4,0.3,0.28,0.2,10,0.79,2,0.3,0.3,0.27,0.37,0.5,HIGH,100.0,24.5
0.53,0.4,0.3,0.35,0.33,4,0.57,2,0.49,0.37,0.26,0.53,0.5,HIGH,86.4,18.9
0.68,0.6,0.34,0.55,0.57,4,0.17,0,0.68,0.51,0.38,0.71,0.59,MEDIUM,54.5,51.3
0.61,0.79,1.0,0.94,0.92,1,0.18,0,0.75,0.88,0.94,0.7,0.6,LOW,13.3,94.7
0.63,0.48,0.47,0.77,0.69,0,0.32,3,0.76,0.54,0.63,0.52,0.6,MEDIUM,58.7,51.8
0.82,0.83,0.81,0.74,0.78,2,0.25,0,0.77,0.69,0.72,0.61,0.8,LOW,21.6,82.2
0.4,0.4,0.3,0.25,0.23,5,0.38,6,0.3,0.38,0.26,0.47,0.5,HIGH,100.0,21.3
0.63,0.69,0.52,1.0,0.46,2,0.31,2,0.68,0.59,0.57,0.3,0.56,MEDIUM,43.9,44.1
0.48,0.63,0.68,0.37,0.79,4,0.3,1,0.39,0.41,0.75,0.83,0.73,MEDIUM,47.2,36.3
0.55,0.48,0.48,0.31,0.58,2,0.45,0,0.48,0.5,0.58,0.3,0.58,MEDIUM,55.4,37.7
0.76,0.92,1.0,0.79,0.86,1,0.08,0,1.0,0.97,0.93,0.95,0.91,LOW,1.8,71.5
0.4,0.4,0.55,0.25,0.27,1,0.43,7,0.3,0.42,0.3,0.38,0.5,HIGH,98.0,31.2
0.94,0.79,0.95,0.76,0.74,1,0.14,0,0.88,0.81,0.9,0.94,0.88,LOW,0.0,82.2
0.4,0.4,0.47,0.25,0.31,6,0.86,5,0.43,0.49,0.25,0.37,0.5,HIGH,100.0,29.1
0.92,1.0,0.88,0.94,0.88,2,0.28,0,0.93,0.97,1.0,1.0,1.0,LOW,5.3,91.5
0.8,0.76,0.84,1.0,0.88,4,0.14,0,0.78,0.8,0.86,0.87,0.87,LOW,5.5,64.4
0.71,0.55,0.54,0.63,0.6,5,0.1,1,0.6,0.37,0.48,0.77,0.6,MEDIUM,46.8,45.8
0.49,0.59,0.31,0.52,0.22,1,0.47,5,0.56,0.44,0.37,0.46,0.58,HIGH,77.0,40.2
1.0,0.97,1.0,0.81,0.76,0,0.13,1,0.92,1.0,0.83,1.0,1.0,LOW,0.0,100.0
0.4,0.4,0.41,0.45,0.23,2,0.37,3,0.3,0.3,0.45,0.2,0.5,HIGH,83.9,18.5
0.45,0.58,0.85,0.4,0.39,2,0.33,3,0.3,0.65,0.56,0.61,0.55,HIGH,65.3,37.5
0.4,0.4,0.3,0.51,0.29,4,0.51,5,0.54,0.59,0.55,0.78,0.5,HIGH,99.3,37.6
0.79,0.92,0.9,0.89,0.91,1,0.18,2,0.8,0.92,0.97,1.0,0.73,LOW,11.2,95.7
0.49,0.51,0.62,0.52,0.44,4,0.2,3,0.39,0.53,0.53,0.65,0.56,MEDIUM,59.8,51.1
0.45,0.73,0.85,0.81,0.74,5,0.22,2,0.47,0.56,0.61,0.37,0.68,MEDIUM,48.2,52.5
0.74,0.64,0.77,0.48,0.56,1,0.22,3,0.5,0.66,0.51,0.63,0.51,MEDIUM,41.1,53.9
0.48,0.66,0.75,0.46,0.72,2,0.19,3,0.74,0.74,0.72,0.21,0.76,MEDIUM,46.1,51.9
0.94,1.0,0.97,0.8,0.69,2,0.2,1,1.0,1.0,1.0,1.0,1.0,LOW,3.7,98.2
0.7,0.86,0.81,0.75,1.0,2,0.32,2,0.76,1.0,0.55,0.76,0.72,LOW,28.1,57.0
0.87,0.94,1.0,1.0,0.96,1,0.03,1,0.88,1.0,1.0,1.0,0.83,LOW,0.0,77.9
0.46,0.57,0.72,0.43,0.73,3,0.27,2,0.47,0.91,0.68,0.75,0.5,MEDIUM,52.6,62.4
0.84,0.88,0.63,0.74,0.85,1,0.07,0,0.76,0.96,0.89,0.79,0.94,LOW,9.7,72.4
0.4,0.52,0.33,0.26,0.2,1,0.28,5,0.44,0.3,0.25,0.2,0.5,HIGH,100.0,31.2
1.0,0.93,0.75,0.88,0.63,3,0.37,3,1.0,0.77,0.89,0.71,0.99,MEDIUM,37.8,91.5
0.57,0.64,0.62,0.71,0.58,4,0.37,0,0.49,0.64,0.68,0.5,0.84,MEDIUM,51.8,63.6
0.73,0.58,0.62,0.6,0.5,1,0.29,1,0.58,0.59,0.65,0.69,0.5,LOW,41.7,77.6
0.42,0.68,0.55,0.77,0.47,0,0.48,2,0.51,0.61,0.75,0.46,0.53,MEDIUM,51.2,42.1
0.4,0.4,0.3,0.38,0.27,4,0.35,6,0.3,0.3,0.25,0.34,0.5,HIGH,100.0,13.8
0.59,0.58,0.5,0.68,0.77,3,0.38,1,0.58,0.6,0.48,0.67,0.54,MEDIUM,46.9,71.6
0.4,0.42,0.31,0.6,0.33,7,0.66,8,0.53,0.3,0.27,0.68,0.5,HIGH,100.0,9.9
0.58,0.4,0.41,0.79,0.61,3,0.56,2,0.64,0.43,0.63,0.62,0.5,MEDIUM,59.9,41.7
0.78,1.0,0.95,0.95,0.9,0,0.15,1,0.96,0.88,1.0,0.73,1.0,LOW,1.6,66.5
0.53,0.49,0.46,0.58,0.42,2,0.55,2,0.56,0.31,0.45,0.47,0.71,MEDIUM,65.5,42.5
0.92,0.89,0.87,0.7,0.91,0,0.05,1,0.86,0.99,0.7,0.71,0.79,LOW,0.0,74.4
0.64,0.66,0.58,0.6,0.58,1,0.4,2,0.73,0.33,0.65,0.48,0.67,MEDIUM,40.1,53.1
0.76,0.7,0.75,0.87,1.0,0,0.0,1,0.86,0.97,1.0,0.62,0.76,LOW,9.4,75.4
0.4,0.41,0.3,0.34,0.2,4,0.65,5,0.3,0.33,0.25,0.35,0.52,HIGH,100.0,16.4
0.62,0.49,0.75,0.65,0.52,1,0.42,2,0.58,0.44,0.61,0.4,0.5,LOW,36.1,51.0
0.82,0.66,0.84,0.66,0.86,3,0.29,4,0.68,0.31,0.53,0.72,0.73,MEDIUM,35.7,57.3
0.79,0.74,1.0,0.68,1.0,1,0.0,1,1.0,1.0,0.67,0.61,0.9,LOW,6.1,84.5
0.5,0.4,0.3,0.26,0.74,3,0.64,4,0.46,0.3,0.47,0.2,0.5,HIGH,85.0,17.0
0.64,0.66,0.61,0.6,0.81,2,0.18,0,0.59,0.62,0.82,0.78,0.63,LOW,32.2,57.3
0.66,0.93,0.59,0.69,0.71,1,0.25,1,0.82,0.78,0.68,0.87,0.53,LOW,29.9,69.0
1.0,1.0,0.99,0.7,1.0,0,0.33,1,0.96,0.71,0.82,0.74,0.76,LOW,1.4,84.9
0.7,0.68,0.68,0.46,0.53,4,0.09,4,0.69,0.69,0.43,0.61,0.5,MEDIUM,48.4,48.6
0.77,1.0,0.73,0.96,0.98,0,0.1,3,1.0,0.83,0.96,0.69,0.91,LOW,8.3,91.0
1.0,0.91,1.0,0.94,0.93,0,0.0,1,0.92,0.9,0.93,0.92,0.95,LOW,0.0,93.1
0.41,0.4,0.3,0.49,0.28,6,0.25,8,0.32,0.4,0.36,0.33,0.5,HIGH,100.0,19.4
0.71,0.53,0.59,0.7,0.58,4,0.08,2,0.76,0.63,0.81,0.69,0.5,MEDIUM,47.3,63.7
1.0,0.9,0.93,0.96,0.73,1,0.05,4,0.87,1.0,0.91,0.68,0.96,LOW,13.1,81.7
0.63,0.54,0.85,0.42,0.51,0,0.18,3,0.44,0.49,0.63,0.78,0.74,MEDIUM,54.0,64.5
0.89,0.9,1.0,0.93,1.0,1,0.0,1,0.83,0.73,0.95,1.0,0.89,LOW,0.0,93.7
0.73,0.63,0.54,0.59,0.62,4,0.3,2,0.61,0.48,0.66,0.78,0.73,MEDIUM,55.9,47.1
0.59,0.61,0.59,0.48,0.44,0,0.11,1,0.43,0.71,0.55,0.85,0.53,MEDIUM,43.1,58.8
0.88,0.93,1.0,1.0,1.0,2,0.22,3,0.88,0.81,1.0,0.73,0.94,LOW,0.0,80.9
0.84,0.95,0.66,0.93,0.83,0,0.0,2,0.9,0.92,1.0,0.76,0.87,LOW,7.4,83.3
0.67,0.7,0.62,0.7,0.67,4,0.58,3,0.75,0.39,0.64,0.61,0.62,MEDIUM,56.4,41.6
0.87,0.93,0.64,0.75,0.65,1,0.11,0,0.87,0.92,0.81,0.7,0.91,LOW,17.0,68.4
0.69,0.49,0.78,0.6,0.43,5,0.38,4,0.49,0.8,0.7,0.51,0.55,MEDIUM,62.5,42.8
0.76,0.74,0.89,0.93,0.96,1,0.04,0,0.7,1.0,0.75,0.63,0.87,LOW,12.9,77.9
0.83,0.86,0.93,0.87,0.81,0,0.17,0,1.0,0.95,0.89,1.0,0.92,LOW,0.0,87.4
0.43,0.4,0.61,0.61,0.59,4,0.3,3,0.47,0.47,0.58,0.58,0.5,MEDIUM,62.3,62.8
0.79,0.43,0.55,0.5,0.65,2,0.32,0,0.41,0.48,0.69,0.56,0.62,MEDIUM,44.6,57.2
0.4,0.4,0.39,0.25,0.23,8,0.61,4,0.3,0.46,0.25,0.2,0.5,HIGH,100.0,22.7
0.7,0.66,0.34,0.28,0.22,5,0.69,3,0.57,0.3,0.4,0.2,0.52,HIGH,87.0,28.6
0.88,0.75,0.86,0.77,0.82,1,0.01,0,0.73,0.73,0.93,0.87,0.79,LOW,9.2,98.5
0.47,0.4,0.6,0.71,0.45,2,0.46,1,0.3,0.67,0.66,0.29,0.54,MEDIUM,59.3,36.1
0.74,0.89,0.79,1.0,0.55,0,0.11,2,0.84,0.92,0.88,0.94,0.81,LOW,19.9,97.8
0.88,0.8,1.0,0.88,0.78,1,0.22,0,0.86,0.91,0.94,1.0,0.91,LOW,6.7,94.8
0.93,0.91,0.89,0.83,0.91,1,0.0,0,1.0,0.72,0.68,0.8,0.97,LOW,1.3,78.8
0.76,0.75,0.44,0.58,0.45,5,0.26,1,0.8,0.54,0.48,0.26,0.56,MEDIUM,57.9,30.9
0.77,0.92,0.71,0.9,0.8,1,0.0,0,0.82,0.66,0.78,0.86,0.9,LOW,11.4,76.6
0.83,0.91,0.87,1.0,0.72,0,0.15,1,0.82,0.92,0.87,0.67,1.0,LOW,10.0,92.0
0.88,0.89,0.63,0.86,0.54,1,0.02,1,0.92,1.0,1.0,0.92,1.0,LOW,9.9,91.1
0.4,0.4,0.41,0.44,0.38,6,0.18,3,0.5,0.51,0.39,0.33,0.5,HIGH,83.8,37.4
0.43,0.41,0.38,0.28,0.51,7,0.85,3,0.5,0.44,0.3,0.5,0.5,HIGH,100.0,30.2
0.4,0.4,0.3,0.25,0.2,7,0.46,5,0.3,0.39,0.41,0.29,0.5,HIGH,100.0,2.5
0.43,0.47,0.55,0.28,0.43,5,0.28,4,0.38,0.48,0.43,0.31,0.53,HIGH,80.8,38.5
0.95,0.99,0.75,1.0,0.96,1,0.19,1,0.76,1.0,0.92,1.0,0.92,LOW,4.2,100.0
0.75,1.0,0.86,0.86,0.79,1,0.07,2,0.91,1.0,0.62,0.89,0.73,LOW,16.6,62.2
0.4,0.4,0.41,0.25,0.23,6,0.63,6,0.3,0.51,0.25,0.61,0.5,HIGH,100.0,32.4
0.87,0.94,0.92,1.0,0.89,4,0.38,0,0.65,0.75,0.9,0.91,0.83,LOW,20.1,86.0
0.4,0.65,0.57,0.52,0.27,4,0.37,2,0.54,0.57,0.48,0.55,0.69,MEDIUM,59.6,49.4
0.4,0.4,0.41,0.25,0.25,2,0.59,1,0.3,0.44,0.25,0.2,0.5,HIGH,79.3,21.2
0.45,0.4,0.31,0.45,0.47,9,0.56,3,0.61,0.5,0.32,0.61,0.51,HIGH,96.8,37.9
0.46,0.4,0.41,0.44,0.44,3,0.25,1,0.39,0.49,0.52,0.54,0.5,MEDIUM,59.7,27.8
0.55,0.53,0.63,0.58,0.41,0,0.0,1,0.46,0.6,0.54,0.42,0.61,MEDIUM,36.3,67.3
0.62,0.62,0.73,0.76,0.74,1,0.27,2,0.75,0.56,0.62,0.47,0.51,MEDIUM,41.3,47.8
0.61,0.55,0.3,0.32,0.46,5,0.65,2,0.3,0.36,0.25,0.2,0.5,HIGH,86.8,29.2
0.43,0.52,0.47,0.57,0.77,5,0.15,3,0.56,0.52,0.45,0.76,0.5,MEDIUM,58.3,56.0
0.48,0.4,0.3,0.25,0.21,7,0.72,0,0.3,0.3,0.25,0.2,0.5,HIGH,100.0,28.4
0.98,1.0,1.0,1.0,0.73,1,0.11,3,0.84,0.94,0.99,1.0,1.0,LOW,7.1,100.0
0.64,0.56,0.59,0.76,0.43,4,0.0,3,0.81,0.89,0.78,0.2,0.82,MEDIUM,47.7,67.2
0.4,0.4,0.41,0.65,0.27,7,0.68,1,0.3,0.46,0.45,0.56,0.5,HIGH,95.7,29.2
0.93,0.8,0.87,0.9,0.91,2,0.0,0,0.91,0.85,0.7,1.0,1.0,LOW,0.1,88.4
0.63,0.64,0.65,0.6,0.56,1,0.63,2,0.93,0.81,0.66,0.85,0.67,MEDIUM,32.9,61.3
1.0,0.75,1.0,0.88,0.76,1,0.08,0,0.86,0.91,0.9,0.84,0.82,LOW,2.4,73.6
0.74,0.87,0.56,0.82,0.81,1,0.0,1,0.72,0.83,0.5,0.88,0.81,LOW,21.0,75.3
0.41,0.45,0.45,0.33,0.62,1,0.4,3,0.3,0.36,0.25,0.2,0.54,MEDIUM,69.0,0.0
0.4,0.48,0.3,0.25,0.38,1,0.26,1,0.37,0.5,0.25,0.49,0.5,HIGH,78.9,36.0
0.51,0.4,0.39,0.37,0.47,7,0.82,5,0.46,0.3,0.43,0.28,0.5,HIGH,100.0,26.1
0.6,0.81,0.47,0.63,0.52,6,0.15,0,0.47,0.6,0.59,0.66,0.62,MEDIUM,52.0,55.0
0.63,0.52,0.96,0.52,0.48,2,0.44,2,0.71,0.78,0.52,0.68,0.68,MEDIUM,42.2,62.2
0.89,0.96,0.66,0.87,0.93,1,0.0,0,0.89,0.84,0.98,0.55,0.98,LOW,7.2,86.5
0.62,0.59,0.44,0.59,0.58,6,0.35,3,0.52,0.65,0.55,0.62,0.7,HIGH,78.3,48.9
0.4,0.4,0.3,0.33,0.36,4,0.59,6,0.3,0.43,0.36,0.2,0.5,HIGH,100.0,17.0
0.88,0.63,0.67,0.48,0.7,5,0.17,2,0.55,0.67,0.69,0.58,0.5,MEDIUM,40.6,37.9
0.79,0.7,0.68,0.89,0.85,1,0.29,0,0.71,0.75,0.89,0.79,0.86,LOW,23.9,57.5
0.76,0.89,0.86,0.96,0.7,3,0.11,2,0.82,0.81,1.0,0.76,0.9,LOW,18.8,73.9
0.87,0.71,0.84,0.96,0.84,2,0.03,0,0.88,1.0,0.93,0.9,0.84,LOW,12.1,87.5
0.94,0.89,0.86,0.88,0.66,1,0.0,0,1.0,1.0,0.92,1.0,0.75,LOW,0.0,88.3
0.68,0.54,0.56,0.69,0.38,2,0.44,4,0.64,0.77,0.5,0.66,0.67,HIGH,64.0,57.3
0.78,0.75,0.87,0.77,1.0,4,0.19,1,1.0,0.95,0.96,0.65,0.79,LOW,13.8,67.7
0.4,0.4,0.42,0.31,0.26,4,0.53,4,0.3,0.32,0.41,0.23,0.5,HIGH,100.0,20.6
0.41,0.4,0.6,0.56,0.36,0,0.64,6,0.31,0.41,0.52,0.4,0.5,HIGH,82.3,27.2
0.4,0.4,0.34,0.57,0.32,1,0.6,5,0.3,0.39,0.42,0.49,0.5,HIGH,91.8,23.8
0.42,0.46,0.4,0.82,0.77,4,0.49,0,0.71,0.54,0.76,0.4,0.67,HIGH,56.3,49.1
0.4,0.4,0.3,0.37,0.62,10,0.57,4,0.3,0.3,0.25,0.3,0.5,HIGH,100.0,16.9
0.4,0.4,0.3,0.77,0.3,8,0.72,3,0.3,0.48,0.25,0.2,0.5,HIGH,100.0,27.4
0.99,0.79,0.76,0.89,0.61,0,0.0,1,0.92,0.97,1.0,1.0,0.67,LOW,5.7,88.5
0.49,0.64,0.55,0.56,0.53,2,0.33,2,0.7,0.67,0.59,0.22,0.55,MEDIUM,49.0,37.1
0.4,0.4,0.46,0.25,0.42,1,0.45,2,0.3,0.35,0.25,0.25,0.5,HIGH,77.0,20.0
0.4,0.4,0.4,0.53,0.51,7,0.66,4,0.3,0.43,0.25,0.3,0.5,HIGH,100.0,35.4
0.96,0.96,1.0,0.87,0.89,1,0.16,0,0.93,0.88,0.9,1.0,1.0,LOW,0.0,79.3
0.94,0.66,0.66,0.91,1.0,0,0.03,0,1.0,0.85,0.8,0.51,0.86,LOW,3.3,76.4
0.6,0.65,0.64,0.52,0.74,1,0.32,2,0.52,0.82,0.74,0.65,0.5,MEDIUM,46.5,53.0
1.0,1.0,1.0,0.81,1.0,0,0.0,0,0.88,1.0,0.72,1.0,1.0,LOW,0.0,100.0
0.4,0.4,0.3,0.39,0.2,1,0.62,5,0.3,0.3,0.25,0.42,0.5,HIGH,100.0,12.9
0.81,0.88,0.74,0.89,0.67,2,0.09,1,0.77,1.0,0.86,0.78,0.89,LOW,18.3,66.6
0.58,0.72,0.49,0.44,0.61,4,0.33,0,0.56,0.65,0.69,0.38,0.54,MEDIUM,46.9,55.9
0.97,0.91,0.93,1.0,0.82,1,0.0,0,0.88,0.96,1.0,0.92,0.93,LOW,0.0,89.6
0.91,0.65,0.51,0.55,0.88,5,0.63,1,0.59,0.58,0.47,0.45,0.66,MEDIUM,55.3,60.5
0.52,0.54,0.67,0.56,0.53,1,0.51,4,0.64,0.72,0.39,0.91,0.66,MEDIUM,55.1,55.7
0.4,0.4,0.66,0.29,0.39,10,0.48,0,0.42,0.3,0.34,0.42,0.58,HIGH,90.6,21.0
0.49,0.67,0.5,0.46,0.5,2,0.16,3,0.54,0.48,0.66,0.54,0.63,MEDIUM,58.6,54.1
0.87,0.95,0.82,0.94,0.86,0,0.0,0,0.9,1.0,0.77,1.0,0.85,LOW,2.3,100.0
0.75,0.68,0.96,0.83,0.61,0,0.0,1,0.95,0.77,0.66,0.81,0.84,LOW,9.6,96.8
0.9,0.91,0.92,0.88,0.97,5,0.22,1,0.96,0.91,0.81,1.0,0.8,LOW,12.8,86.2
1.0,0.72,1.0,0.97,0.82,3,0.11,1,0.75,0.73,1.0,0.77,0.9,LOW,13.2,83.5
0.78,0.74,0.66,0.58,0.64,1,0.41,2,0.68,0.71,0.9,0.89,0.72,MEDIUM,36.7,80.0
0.79,0.81,1.0,0.81,0.93,1,0.03,0,0.94,1.0,1.0,0.94,1.0,LOW,1.0,95.1
0.5,0.66,0.46,0.67,0.58,5,0.49,2,0.48,0.54,0.63,0.38,0.71,HIGH,69.7,28.9
0.85,0.9,0.73,0.72,0.92,2,0.35,0,0.87,0.77,0.78,1.0,0.89,LOW,14.3,85.8
0.4,0.4,0.3,0.3,0.2,7,0.56,6,0.3,0.33,0.47,0.33,0.5,HIGH,100.0,20.0
0.72,0.57,0.94,0.7,0.84,4,0.3,4,0.67,0.75,0.5,0.74,0.82,MEDIUM,46.1,70.3
0.52,0.48,0.59,0.49,0.27,8,0.72,5,0.3,0.68,0.43,0.32,0.5,HIGH,100.0,32.1
0.78,0.55,0.35,0.52,0.55,1,0.36,2,0.54,0.56,0.55,0.68,0.59,MEDIUM,53.8,36.1
0.86,0.79,0.81,0.76,0.77,1,0.32,2,0.79,0.97,0.71,1.0,0.79,LOW,21.7,78.9
0.7,0.7,0.45,0.55,0.35,4,0.28,1,0.5,0.69,0.57,0.61,0.52,MEDIUM,54.2,53.0
0.74,0.81,0.59,0.93,0.74,2,0.34,1,0.85,0.64,0.84,0.83,0.8,LOW,18.2,81.3
0.47,0.56,0.72,0.78,0.61,4,0.44,0,0.56,0.71,0.68,0.67,0.56,MEDIUM,49.9,43.1
0.69,0.51,0.55,0.56,0.51,2,0.16,1,0.6,0.66,0.56,0.39,0.61,MEDIUM,43.3,46.6
0.95,0.88,0.95,0.89,0.93,2,0.0,2,0.75,0.88,0.89,0.84,0.86,LOW,8.6,77.6
0.63,0.61,0.45,0.46,0.61,1,0.23,0,0.56,0.58,0.69,0.52,0.52,MEDIUM,44.4,39.0
0.86,0.92,0.85,0.8,0.7,1,0.04,0,0.56,0.71,0.7,0.7,0.79,LOW,8.2,74.7
0.86,0.83,0.92,0.78,1.0,1,0.08,0,0.89,0.93,1.0,0.91,1.0,LOW,0.0,100.0
0.95,0.85,0.63,0.72,0.91,0,0.39,1,1.0,0.88,0.65,0.7,0.81,LOW,9.9,79.8
0.4,0.4,0.34,0.25,0.4,2,0.36,7,0.43,0.3,0.3,0.2,0.5,HIGH,97.1,42.9
0.83,0.97,1.0,0.69,1.0,2,0.32,0,0.82,0.84,0.89,0.62,0.83,LOW,1.7,86.4
1.0,0.97,0.82,1.0,0.95,1,0.01,2,0.91,1.0,0.71,0.65,0.91,LOW,11.4,80.8
1.0,0.91,1.0,0.63,0.67,0,0.0,0,0.98,0.86,0.75,0.92,1.0,LOW,0.0,88.7
0.6,0.63,0.6,0.66,0.47,4,0.0,4,0.54,0.6,0.69,0.85,0.68,MEDIUM,52.9,49.4
0.74,0.62,0.92,0.84,0.87,2,0.01,1,0.85,0.9,0.86,1.0,0.8,LOW,11.8,91.0
0.5,0.7,0.54,0.53,0.54,1,0.2,3,0.43,0.9,0.65,0.46,0.62,MEDIUM,46.0,62.6
0.78,0.71,0.96,0.77,0.91,0,0.3,0,0.68,0.9,0.74,0.84,0.93,LOW,7.1,54.6
0.5,0.67,0.71,0.43,0.48,1,0.17,1,0.55,0.78,0.61,0.58,0.6,LOW,35.5,67.2
0.75,0.73,0.89,0.89,0.69,0,0.15,1,0.81,0.78,0.66,0.71,0.68,LOW,17.5,59.4
0.73,0.57,0.6,0.72,0.98,2,0.0,0,0.57,0.78,0.69,0.76,0.62,LOW,18.4,44.7
0.72,0.93,0.67,0.84,0.79,3,0.04,3,0.88,0.72,0.83,0.64,0.71,LOW,23.2,61.9
0.88,0.81,0.92,0.83,0.78,1,0.14,0,0.88,0.94,0.65,0.57,0.89,LOW,8.5,65.3
0.62,0.8,0.94,0.53,0.87,1,0.23,0,0.76,0.94,0.69,0.85,0.75,LOW,18.8,88.6
0.8,0.79,0.66,0.89,0.81,0,0.05,0,0.93,0.98,0.94,0.7,0.69,LOW,12.8,73.7
0.66,0.8,0.72,0.87,0.82,1,0.2,0,0.65,1.0,0.57,0.66,0.62,LOW,22.6,66.3
0.83,0.86,0.85,0.9,0.99,0,0.26,1,0.99,0.93,0.85,1.0,0.77,LOW,13.6,98.8
0.44,0.5,0.3,0.69,0.57,2,0.2,2,0.46,0.52,0.51,0.54,0.5,MEDIUM,59.8,40.7
0.4,0.44,0.46,0.38,0.41,5,0.53,3,0.3,0.3,0.54,0.24,0.5,HIGH,95.9,16.2
0.81,0.98,0.85,0.81,0.93,1,0.0,1,1.0,0.94,0.63,0.84,0.73,LOW,2.2,86.0
0.4,0.4,0.44,0.25,0.55,3,0.39,3,0.43,0.3,0.52,0.38,0.5,HIGH,73.6,18.1
0.95,0.99,0.86,0.88,1.0,1,0.01,1,0.96,0.89,0.53,1.0,0.91,LOW,8.3,93.3
0.82,0.85,0.72,0.97,0.82,1,0.0,0,0.96,0.71,0.9,0.92,0.92,LOW,8.4,68.6
0.92,0.9,0.84,0.66,0.74,2,0.01,1,0.88,0.84,0.69,0.89,0.98,LOW,5.8,99.7
0.4,0.4,0.3,0.43,0.22,6,0.65,4,0.3,0.3,0.43,0.36,0.5,HIGH,100.0,23.4
0.46,0.62,0.41,0.66,0.39,4,0.42,1,0.59,0.4,0.51,0.57,0.58,MEDIUM,58.2,33.2
0.63,0.77,0.6,0.6,0.69,3,0.4,0,0.64,0.48,0.67,0.37,0.65,MEDIUM,52.0,69.0
0.4,0.4,0.3,0.56,0.22,3,0.45,2,0.44,0.3,0.25,0.35,0.5,HIGH,82.5,36.8
0.8,0.78,0.86,0.76,0.7,0,0.16,0,0.6,0.75,0.53,0.97,0.68,LOW,12.9,98.5
0.89,0.77,0.9,1.0,0.63,0,0.0,0,0.97,0.93,1.0,0.93,0.9,LOW,5.2,64.0
0.75,0.66,0.89,0.67,0.46,1,0.0,2,0.51,0.93,0.46,0.83,0.64,LOW,32.4,63.5
0.66,0.73,0.86,0.87,0.63,5,0.04,4,0.66,0.71,0.79,0.75,0.61,LOW,31.6,51.9
0.51,0.41,0.44,0.54,0.82,5,0.45,5,0.43,0.56,0.58,0.57,0.5,MEDIUM,65.8,44.2
0.72,0.7,1.0,0.72,1.0,1,0.29,4,0.76,0.8,1.0,0.81,0.92,LOW,12.2,74.5
0.68,0.83,1.0,0.75,0.96,1,0.0,0,0.77,0.92,0.61,0.74,0.88,LOW,2.6,73.6
0.9,0.74,0.96,0.93,0.88,0,0.17,0,0.86,0.92,0.86,0.86,0.87,LOW,1.0,92.5
0.9,0.87,0.7,0.94,0.9,0,0.2,0,0.78,0.86,0.99,0.99,0.91,LOW,2.7,74.2
0.4,0.54,0.71,0.89,0.85,3,0.32,0,0.51,0.48,0.56,0.71,0.5,MEDIUM,40.7,70.1
0.4,0.4,0.3,0.75,0.32,5,0.57,2,0.31,0.3,0.44,0.55,0.5,HIGH,86.3,26.5
0.93,0.75,0.89,1.0,0.89,0,0.0,0,0.88,0.75,0.75,0.67,0.76,LOW,3.3,70.5
0.75,0.75,0.72,0.54,0.81,3,0.14,1,0.68,0.75,0.73,0.54,0.88,LOW,26.2,56.9
0.75,0.82,0.84,0.86,0.88,0,0.06,1,1.0,1.0,0.61,1.0,0.85,LOW,1.0,82.7
0.4,0.41,0.57,0.25,0.22,9,0.58,3,0.34,0.3,0.4,0.2,0.5,HIGH,100.0,17.6
0.4,0.41,0.46,0.37,0.67,5,0.31,2,0.45,0.55,0.82,0.32,0.5,MEDIUM,61.7,50.2
0.9,0.71,1.0,1.0,0.79,0,0.0,1,0.81,0.67,0.97,0.84,0.84,LOW,1.4,74.1
0.4,0.4,0.3,0.25,0.33,5,0.25,1,0.3,0.51,0.34,0.62,0.5,HIGH,82.2,42.1
1.0,0.92,0.78,0.98,0.64,1,0.24,0,0.84,0.86,0.89,0.9,0.85,LOW,2.5,68.9
0.61,0.62,0.83,0.57,0.61,2,0.55,3,0.59,0.66,0.44,0.81,0.52,MEDIUM,46.0,45.8
0.4,0.4,0.54,0.31,0.26,5,0.48,2,0.3,0.3,0.39,0.31,0.5,HIGH,93.4,43.7
0.68,0.74,0.8,0.69,0.8,2,0.29,0,0.68,0.46,0.62,0.72,0.74,LOW,32.3,58.7
0.4,0.4,0.3,0.32,0.2,3,0.5,8,0.3,0.3,0.36,0.43,0.5,HIGH,100.0,28.2
0.4,0.4,0.52,0.25,0.32,2,0.39,5,0.3,0.3,0.25,0.45,0.5,HIGH,89.9,28.6
0.5,0.47,0.79,0.85,0.55,6,0.03,1,0.47,0.72,0.8,0.39,0.7,LOW,35.6,44.0
0.6,0.47,0.35,0.53,0.65,3,0.3,3,0.66,0.69,0.48,0.73,0.57,MEDIUM,51.3,44.8
0.72,0.74,0.67,0.69,0.73,1,0.38,2,0.79,0.5,0.54,0.61,0.69,LOW,40.1,45.2
0.5,0.6,0.68,0.5,0.64,3,0.23,1,0.7,0.52,0.62,0.58,0.64,MEDIUM,43.5,59.9
0.63,0.63,0.63,0.67,0.52,1,0.48,4,0.5,0.61,0.95,0.76,0.5,MEDIUM,53.6,57.0
0.49,0.7,0.72,0.46,0.54,1,0.24,1,0.66,0.76,0.57,0.8,0.5,MEDIUM,44.8,53.0
0.88,0.78,0.86,0.8,0.79,0,0.1,1,0.82,0.73,0.82,0.67,0.93,LOW,7.5,69.1
0.65,0.55,0.41,0.47,0.67,3,0.55,4,0.58,0.82,0.5,0.87,0.79,MEDIUM,56.3,34.7
0.52,0.53,0.71,0.6,0.68,5,0.64,3,0.52,0.51,0.47,0.6,0.51,HIGH,72.4,43.5
0.75,0.57,0.61,0.35,0.47,7,0.44,0,0.8,0.55,0.68,0.64,0.57,MEDIUM,58.1,72.4
0.56,0.47,0.3,0.58,0.45,3,0.35,3,0.59,0.33,0.39,0.55,0.5,HIGH,75.5,39.1
0.72,0.76,0.76,0.58,0.72,2,0.02,1,0.72,0.54,0.87,0.73,0.75,LOW,29.6,81.4
0.72,0.79,0.68,0.98,0.56,5,0.11,0,0.7,0.53,0.95,0.69,0.67,LOW,24.5,67.2
0.62,0.59,0.37,0.65,0.41,2,0.58,0,0.75,0.56,0.58,0.58,0.68,MEDIUM,52.7,60.1
0.53,0.63,0.61,0.62,0.61,5,0.39,2,0.47,0.65,0.3,0.74,0.63,MEDIUM,57.6,40.9
0.48,0.7,0.5,0.55,0.58,4,0.49,4,0.6,0.65,0.87,0.73,0.67,HIGH,66.0,62.4
0.4,0.4,0.3,0.25,0.2,6,0.53,4,0.3,0.31,0.25,0.2,0.5,HIGH,100.0,15.3
0.53,0.59,0.52,0.51,0.47,3,0.31,1,0.59,0.53,0.78,0.82,0.61,MEDIUM,51.3,49.6
0.61,0.69,0.75,0.97,0.79,1,0.26,5,0.83,0.56,0.87,0.28,0.77,MEDIUM,41.3,44.7
0.43,0.64,0.67,0.68,0.88,4,0.26,2,0.53,0.55,0.79,0.38,0.75,MEDIUM,48.1,47.5
0.4,0.5,0.38,0.33,0.2,4,0.51,3,0.3,0.3,0.25,0.2,0.5,HIGH,91.2,18.2
0.56,0.4,0.69,0.71,0.69,2,0.07,2,0.72,0.56,0.59,0.38,0.6,MEDIUM,45.6,46.8
0.4,0.4,0.3,0.31,0.31,6,0.57,4,0.3,0.58,0.25,0.64,0.5,HIGH,100.0,32.4
0.82,0.66,0.99,0.76,0.86,0,0.32,0,0.87,0.82,0.92,0.88,0.82,LOW,9.4,91.7
0.97,0.87,1.0,0.9,0.91,1,0.0,3,0.89,1.0,0.98,1.0,0.97,LOW,3.0,79.3
0.87,0.84,0.73,0.79,0.85,1,0.03,2,0.72,0.99,1.0,0.94,0.83,LOW,13.4,77.1
0.84,0.92,0.9,0.77,0.78,0,0.05,1,0.82,0.93,0.89,0.97,0.78,LOW,0.0,72.0
0.71,0.51,0.62,0.57,0.49,3,0.15,0,0.54,0.88,0.49,1.0,0.57,MEDIUM,41.0,68.9
0.54,0.64,0.37,0.66,0.56,4,0.32,1,0.55,0.55,0.68,0.58,0.72,MEDIUM,56.6,32.8
0.6,0.54,0.65,0.6,0.48,2,0.4,4,0.65,0.57,0.62,0.54,0.59,MEDIUM,53.9,56.3
0.79,0.93,0.95,1.0,1.0,0,0.3,0,0.8,0.86,0.79,0.87,0.74,LOW,0.0,90.8
0.76,0.49,0.5,0.43,0.47,4,0.48,8,0.56,0.61,0.53,0.6,0.65,HIGH,86.6,44.6
0.83,0.94,0.79,0.92,0.85,1,0.0,1,0.77,0.7,1.0,0.89,0.63,LOW,11.6,79.3
0.4,0.5,0.43,0.58,0.72,5,0.53,2,0.48,0.6,0.36,0.7,0.5,HIGH,82.9,43.9
0.61,0.6,0.62,0.52,0.5,6,0.44,4,0.56,0.68,0.68,0.67,0.63,HIGH,75.7,34.9
0.82,1.0,0.95,0.72,0.82,0,0.11,0,0.9,0.89,0.88,0.96,0.9,LOW,14.5,80.5
0.61,0.7,0.72,0.83,0.77,3,0.14,1,0.65,0.68,0.49,0.72,0.69,LOW,27.8,81.3
0.59,0.75,0.69,0.57,0.51,5,0.3,1,0.6,0.57,0.67,0.45,0.57,MEDIUM,51.0,64.0
0.75,0.59,0.79,0.68,0.51,4,0.0,2,0.76,0.5,0.55,0.7,0.83,LOW,26.8,54.1
0.4,0.4,0.39,0.25,0.24,6,0.72,5,0.31,0.3,0.25,0.21,0.5,HIGH,100.0,28.6
0.81,1.0,0.87,0.74,1.0,1,0.07,0,0.78,0.8,0.9,0.87,0.95,LOW,4.6,74.4
0.43,0.65,0.64,0.38,0.44,2,0.22,5,0.64,0.79,0.63,0.59,0.61,MEDIUM,62.8,55.8
0.4,0.4,0.56,0.27,0.31,7,0.85,3,0.37,0.62,0.32,0.88,0.5,HIGH,100.0,37.8
0.52,0.75,0.6,0.71,0.6,5,0.21,1,0.61,0.63,0.71,0.82,0.5,MEDIUM,43.3,44.5
0.52,0.4,0.54,0.26,0.43,4,0.56,8,0.3,0.5,0.25,0.25,0.5,HIGH,100.0,8.1
0.4,0.4,0.3,0.32,0.45,7,0.4,2,0.3,0.3,0.34,0.37,0.5,HIGH,95.2,7.5
0.62,0.75,0.82,0.86,0.85,1,0.38,2,0.7,0.74,0.89,0.97,0.81,LOW,22.5,57.8
0.78,0.54,0.77,0.71,0.64,2,0.29,0,0.83,0.86,0.58,0.62,0.71,LOW,28.6,67.1
0.51,0.55,0.43,0.5,0.52,3,0.52,1,0.5,0.61,0.49,0.42,0.66,MEDIUM,62.4,41.3
0.45,0.4,0.3,0.41,0.44,4,0.5,2,0.43,0.3,0.45,0.24,0.5,HIGH,82.0,24.8
0.44,0.55,0.57,0.52,0.73,4,0.0,1,0.7,0.61,0.55,0.8,0.74,MEDIUM,38.1,48.3
0.7,0.5,0.74,0.5,0.59,3,0.33,2,0.56,0.56,0.69,0.48,0.5,MEDIUM,44.7,51.9
0.63,0.5,0.59,0.47,0.71,1,0.46,2,0.66,0.38,0.48,0.49,0.55,MEDIUM,48.1,49.2
0.86,0.67,0.73,1.0,1.0,3,0.43,1,0.64,0.85,0.47,0.8,1.0,MEDIUM,35.2,83.7
0.76,0.87,0.68,0.78,0.88,0,0.0,1,0.75,0.84,1.0,0.63,0.95,LOW,10.4,84.5
0.88,0.83,0.91,0.98,0.82,2,0.3,0,0.79,0.91,0.85,0.87,0.82,LOW,10.7,70.0
0.91,1.0,0.93,0.8,0.7,2,0.0,0,1.0,0.87,1.0,1.0,0.75,LOW,0.0,100.0
0.51,0.86,1.0,0.99,1.0,3,0.23,0,0.69,0.8,0.87,0.7,0.68,LOW,20.7,81.1
0.5,0.55,0.75,0.64,0.37,0,0.26,1,0.84,0.64,0.67,0.68,0.5,LOW,36.9,48.4
0.93,1.0,0.91,0.92,1.0,0,0.03,1,1.0,0.91,0.71,0.8,0.89,LOW,9.8,100.0
0.4,0.43,0.3,0.38,0.33,2,0.43,3,0.3,0.35,0.25,0.42,0.5,HIGH,90.5,40.6
0.4,0.4,0.3,0.25,0.22,4,0.4,0,0.3,0.3,0.33,0.2,0.5,HIGH,85.5,39.4
0.79,0.92,0.84,0.71,0.72,1,0.31,1,0.85,1.0,0.72,0.94,1.0,LOW,13.0,74.8
0.79,0.6,0.87,0.68,0.73,3,0.21,0,0.76,0.82,0.99,0.81,0.87,LOW,22.5,70.7
0.59,0.66,0.49,0.68,0.7,1,0.21,4,0.43,0.51,0.65,0.92,0.5,MEDIUM,50.8,56.2
0.77,1.0,0.69,0.82,0.71,3,0.03,2,0.81,0.79,0.83,1.0,0.98,LOW,25.9,68.9
0.4,0.4,0.38,0.25,0.2,1,0.17,3,0.3,0.36,0.25,0.51,0.5,HIGH,79.6,36.8
0.62,0.64,0.49,0.66,0.67,0,0.46,4,0.49,0.68,0.67,0.44,0.68,MEDIUM,46.8,52.2
0.58,0.54,0.53,0.36,0.45,2,0.18,1,0.5,0.38,0.4,0.4,0.56,MEDIUM,53.9,40.3
0.4,0.69,0.64,0.59,0.58,3,0.18,4,0.47,0.78,0.54,0.41,0.5,HIGH,65.1,40.9
0.4,0.4,0.38,0.38,0.2,2,0.58,6,0.3,0.45,0.57,0.64,0.5,HIGH,94.3,12.7
0.48,0.7,0.72,0.74,0.54,3,0.48,1,0.41,0.61,0.52,0.55,0.5,MEDIUM,53.2,46.5
0.54,0.57,0.88,0.8,0.68,1,0.04,2,0.59,0.69,0.66,0.58,0.58,MEDIUM,38.9,57.1
0.41,0.53,0.58,0.48,0.7,1,0.53,4,0.65,0.71,0.27,0.49,0.61,MEDIUM,63.5,49.2
0.82,0.82,0.84,0.75,0.8,0,0.18,0,0.76,0.66,0.97,1.0,0.75,LOW,0.9,65.6
0.71,0.44,0.64,0.68,0.6,5,0.62,0,0.83,0.5,0.71,0.62,0.71,HIGH,63.9,74.4
0.8,0.73,0.85,0.48,0.75,2,0.21,0,0.59,0.53,0.72,0.94,0.64,LOW,22.4,60.3
0.92,0.87,0.78,0.97,0.9,3,0.07,2,0.7,0.85,1.0,0.96,0.87,LOW,13.2,64.5
0.6,0.45,0.61,0.4,0.34,4,0.52,1,0.44,0.3,0.4,0.51,0.57,HIGH,67.2,44.7
0.81,0.8,0.83,0.85,0.99,3,0.09,0,0.8,0.88,0.96,0.9,0.89,LOW,14.4,69.3
0.94,0.83,0.69,0.97,0.87,1,0.03,0,1.0,0.99,0.79,0.75,0.77,LOW,10.7,86.5
0.79,0.86,1.0,0.95,0.7,0,0.09,0,0.76,0.89,0.66,0.64,0.92,LOW,15.8,63.8
0.4,0.4,0.3,0.25,0.35,4,0.71,3,0.3,0.3,0.29,0.2,0.5,HIGH,100.0,18.4
0.65,0.63,0.69,0.34,0.88,2,0.23,2,0.63,0.56,0.55,0.62,0.63,MEDIUM,37.0,33.9
0.79,1.0,0.66,1.0,0.81,0,0.0,0,0.93,1.0,1.0,0.94,0.89,LOW,2.1,79.9
0.78,0.83,1.0,0.89,0.84,2,0.22,1,0.71,0.71,1.0,0.91,0.78,LOW,16.0,79.1
0.83,0.89,0.76,1.0,0.58,1,0.03,2,0.85,0.7,0.83,0.87,0.87,LOW,18.7,75.3
1.0,0.92,1.0,0.81,1.0,0,0.0,0,1.0,1.0,0.67,1.0,0.9,LOW,0.0,92.7
0.88,0.86,1.0,0.77,0.79,0,0.0,0,0.84,0.91,0.87,0.91,1.0,LOW,0.0,81.7
0.4,0.4,0.42,0.6,0.37,10,0.56,0,0.34,0.33,0.44,0.39,0.5,HIGH,93.7,28.2
0.4,0.48,0.36,0.38,0.2,10,0.45,1,0.32,0.44,0.3,0.25,0.5,HIGH,100.0,12.8
0.75,0.84,0.58,0.86,0.95,0,0.55,0,0.71,0.94,1.0,0.8,0.88,LOW,21.1,74.6
0.45,0.64,0.71,0.7,0.46,5,0.29,2,0.5,0.42,0.74,0.39,0.6,MEDIUM,59.7,55.8
0.52,0.4,0.62,0.47,0.74,4,0.24,6,0.67,0.5,0.32,0.51,0.5,MEDIUM,61.2,61.9
0.81,0.8,0.82,0.69,0.49,0,0.28,0,0.68,0.67,0.73,0.59,0.68,LOW,26.8,73.2
0.71,0.67,0.56,0.73,0.49,2,0.01,0,0.78,0.59,0.7,0.66,0.8,LOW,27.8,52.6
0.73,0.57,0.68,0.67,0.53,0,0.55,0,0.74,0.75,0.59,0.44,0.68,MEDIUM,48.4,47.7
0.4,0.4,0.36,0.44,0.5,8,0.66,7,0.3,0.3,0.25,0.2,0.5,HIGH,100.0,13.7
0.64,0.63,0.6,0.86,0.93,2,0.58,3,0.58,0.63,0.71,0.43,0.62,MEDIUM,46.8,59.1
0.82,0.73,0.85,0.74,0.69,0,0.14,0,0.86,1.0,0.88,0.83,0.75,LOW,3.6,80.1
0.53,0.45,0.69,0.73,0.58,6,0.24,1,0.51,0.52,0.75,0.51,0.57,MEDIUM,54.8,48.1
0.55,0.82,0.59,0.67,0.72,1,0.64,3,0.84,0.69,0.75,0.64,0.59,MEDIUM,45.5,55.9
0.76,0.92,0.83,0.9,0.79,1,0.17,0,0.78,0.78,0.81,1.0,0.98,LOW,7.9,79.8
0.98,0.95,0.73,0.76,0.85,0,0.16,1,1.0,0.81,0.77,0.98,1.0,LOW,4.2,89.4
0.87,0.99,0.81,0.84,0.97,1,0.18,0,0.77,0.72,0.84,0.87,0.83,LOW,3.7,91.1
0.66,0.4,0.52,0.62,0.44,5,0.43,3,0.79,0.61,0.62,0.68,0.61,MEDIUM,70.5,61.2
0.76,0.92,0.63,0.66,0.58,3,0.19,2,0.97,0.72,0.65,0.57,0.77,LOW,31.1,69.3
0.82,1.0,0.82,0.82,0.87,0,0.0,0,0.77,0.74,1.0,0.69,0.85,LOW,9.9,74.4
0.8,0.99,0.93,0.69,0.95,1,0.08,1,0.74,0.91,1.0,0.93,0.84,LOW,7.4,72.7
0.4,0.4,0.33,0.37,0.44,1,0.51,5,0.3,0.3,0.25,0.2,0.51,HIGH,93.8,10.9
0.86,0.98,0.91,0.87,0.89,4,0.44,4,0.97,0.95,0.97,0.87,1.0,LOW,16.6,85.3
0.4,0.41,0.3,0.3,0.27,5,0.45,4,0.3,0.39,0.28,0.2,0.5,HIGH,100.0,0.5
0.93,1.0,0.97,0.96,0.94,0,0.0,0,0.89,0.77,1.0,0.9,1.0,LOW,0.0,81.8
0.4,0.4,0.3,0.39,0.2,7,0.55,2,0.3,0.3,0.25,0.2,0.5,HIGH,100.0,9.7
0.55,0.79,0.73,0.87,0.69,2,0.12,2,0.65,0.77,0.7,0.58,0.68,MEDIUM,39.4,72.7
0.69,0.56,0.67,0.7,0.74,4,0.43,1,0.69,0.74,0.56,0.74,0.79,MEDIUM,52.2,71.4
0.53,0.44,0.48,0.52,0.47,4,0.22,3,0.68,0.38,0.44,0.53,0.54,HIGH,66.2,44.2
0.64,0.71,0.75,0.28,1.0,3,0.25,3,0.71,0.5,0.7,0.39,0.61,MEDIUM,38.9,55.6
0.65,0.75,0.73,0.81,0.75,4,0.22,1,0.82,0.62,0.78,0.66,0.75,MEDIUM,37.9,77.7
0.4,0.4,0.4,0.53,0.37,2,0.56,2,0.3,0.4,0.25,0.2,0.5,HIGH,91.6,17.8
0.4,0.4,0.3,0.35,0.24,2,0.3,3,0.3,0.35,0.32,0.2,0.5,HIGH,94.0,22.3
0.4,0.4,0.34,0.25,0.53,7,0.38,6,0.5,0.44,0.32,0.2,0.53,HIGH,100.0,19.7
0.69,0.57,0.94,1.0,0.87,0,0.3,0,0.63,0.57,0.76,0.6,0.7,LOW,12.2,73.9
0.59,0.64,0.67,0.58,0.76,2,0.48,4,0.66,0.61,0.48,0.88,0.58,MEDIUM,50.6,54.7
0.4,0.4,0.3,0.25,0.2,3,0.57,0,0.3,0.3,0.41,0.2,0.5,HIGH,85.4,20.4
0.82,0.75,0.7,0.99,0.74,0,0.32,1,1.0,0.83,0.93,0.86,0.93,LOW,17.1,86.7
0.72,0.75,0.77,0.69,0.92,2,0.1,3,0.67,0.68,0.85,0.77,0.68,MEDIUM,28.8,61.9
0.72,0.67,0.54,0.89,0.36,3,0.24,2,0.62,0.55,0.96,0.41,0.68,MEDIUM,49.4,70.6
0.67,0.76,0.53,0.92,0.77,1,0.23,0,0.68,0.94,0.73,0.87,0.64,LOW,25.3,64.1
0.9,0.93,0.65,0.59,0.7,1,0.18,1,0.92,0.76,0.68,0.75,1.0,LOW,11.5,82.8
0.68,0.76,0.78,0.96,0.77,1,0.15,4,0.6,0.95,0.88,0.67,0.81,LOW,28.2,65.2
0.57,0.78,0.86,0.59,0.8,3,0.0,1,0.86,0.73,0.66,0.69,0.74,LOW,21.6,76.5
0.81,0.78,0.82,0.73,0.87,1,0.0,0,0.94,0.81,0.79,0.47,0.78,LOW,12.6,56.4
0.98,0.9,0.72,1.0,0.58,0,0.17,0,0.88,0.66,1.0,0.54,0.8,LOW,9.0,80.0
0.81,0.82,0.73,0.79,1.0,1,0.02,0,0.75,0.83,0.82,0.79,0.96,LOW,7.2,64.7
0.79,0.69,0.83,0.82,0.93,1,0.28,1,0.81,0.9,0.77,1.0,0.82,LOW,9.5,100.0
0.44,0.65,0.44,0.49,0.39,5,0.37,4,0.6,0.56,0.6,0.53,0.6,HIGH,79.3,36.3
0.44,0.61,0.39,0.42,0.25,3,0.76,2,0.53,0.33,0.36,0.54,0.59,HIGH,82.9,27.8
0.66,0.65,0.71,0.65,0.49,4,0.29,0,0.86,0.93,0.53,0.8,0.67,MEDIUM,46.3,54.4
0.54,0.46,0.52,0.37,0.58,3,0.2,3,0.38,0.48,0.4,0.65,0.54,HIGH,65.9,30.8
0.69,0.78,0.77,0.91,0.84,1,0.11,1,0.69,0.61,0.92,0.69,0.73,LOW,12.5,66.0
0.4,0.51,0.82,0.25,0.5,2,0.23,2,0.52,0.75,0.59,0.47,0.55,MEDIUM,47.1,40.9
0.9,0.8,0.97,0.97,0.92,0,0.14,2,0.97,0.86,1.0,1.0,0.87,LOW,6.1,86.4
0.85,1.0,0.94,0.81,0.93,0,0.0,0,0.88,0.92,0.66,0.53,0.76,LOW,0.0,80.2
0.93,0.94,0.81,0.8,0.78,2,0.0,0,0.8,1.0,1.0,0.87,0.74,LOW,4.6,80.1
0.52,0.69,0.51,0.68,0.81,1,0.31,2,0.65,0.61,0.71,0.48,0.52,LOW,35.5,69.9
0.76,0.98,0.78,0.8,0.89,3,0.37,0,0.78,0.82,0.77,0.69,0.93,LOW,17.8,79.1
0.4,0.4,0.3,0.25,0.2,4,0.46,5,0.3,0.3,0.37,0.24,0.5,HIGH,97.4,33.1
0.88,0.79,1.0,0.73,1.0,2,0.28,1,0.76,0.7,0.86,1.0,0.87,LOW,12.8,77.2
1.0,1.0,0.91,0.82,0.98,1,0.04,1,0.83,0.92,0.85,0.76,0.8,LOW,0.0,94.2
0.42,0.48,0.3,0.25,0.2,2,0.58,6,0.33,0.3,0.62,0.42,0.5,HIGH,100.0,41.9
0.59,0.63,0.54,0.7,0.61,3,0.14,4,0.65,0.49,0.59,0.56,0.85,MEDIUM,49.9,57.6
0.64,0.51,0.62,0.6,0.69,1,0.49,4,0.65,0.64,0.58,0.36,0.67,MEDIUM,50.8,33.0
0.44,0.54,0.65,0.51,0.59,1,0.26,0,0.55,0.48,0.68,1.0,0.65,MEDIUM,41.4,58.5
0.93,0.81,0.84,0.82,0.9,3,0.31,0,0.83,0.96,0.96,0.8,0.67,LOW,16.0,87.1
0.55,0.4,0.66,0.62,0.51,4,0.45,4,0.59,0.6,0.55,0.2,0.5,MEDIUM,66.1,53.3
0.8,0.69,0.99,0.67,0.74,4,0.14,0,0.78,0.68,0.79,0.82,0.61,LOW,14.9,79.1
0.9,0.85,0.68,0.78,0.65,1,0.17,2,0.66,0.54,0.66,0.67,0.72,LOW,26.4,68.6
0.72,0.72,0.69,0.46,0.61,2,0.58,1,0.63,0.86,0.34,0.59,0.78,MEDIUM,48.0,61.1
0.52,0.78,0.69,0.64,0.74,1,0.15,1,0.77,0.67,0.91,0.8,0.55,LOW,25.1,72.8
0.48,0.53,0.45,0.67,0.63,3,0.33,2,0.51,0.39,0.45,0.53,0.71,MEDIUM,57.1,43.7
0.83,0.88,0.98,0.77,0.78,0,0.0,0,0.91,1.0,0.84,1.0,0.7,LOW,5.4,83.9
0.7,0.8,0.67,0.74,0.94,3,0.36,2,0.52,0.54,0.63,0.42,0.6,MEDIUM,42.3,75.0
0.78,1.0,0.84,0.95,0.65,1,0.0,0,0.95,0.85,0.92,0.51,1.0,LOW,12.8,67.0
0.96,0.87,0.53,0.61,0.75,1,0.0,0,0.85,0.76,0.6,0.6,0.93,LOW,15.0,80.9
0.61,0.63,0.91,0.67,0.57,0,0.38,2,0.56,0.71,0.64,0.45,0.55,LOW,26.2,68.5
0.6,0.44,0.68,0.45,0.74,3,0.42,2,0.67,0.77,0.46,0.35,0.76,MEDIUM,50.8,52.4
0.68,0.65,0.74,0.72,0.84,2,0.57,0,0.58,0.39,0.68,0.57,0.59,MEDIUM,29.4,52.7
0.51,0.67,0.63,0.35,0.62,0,0.61,3,0.52,0.6,0.48,0.53,0.52,MEDIUM,46.6,61.3
0.4,0.49,0.61,0.6,0.52,2,0.21,3,0.57,0.49,0.61,0.51,0.5,MEDIUM,56.3,47.3
1.0,0.91,0.72,0.84,0.9,0,0.02,0,1.0,0.97,0.62,0.83,0.79,LOW,6.0,72.1
0.48,0.63,0.41,0.5,0.51,3,0.43,0,0.45,0.3,0.48,0.55,0.59,MEDIUM,59.9,41.4
0.4,0.4,0.3,0.28,0.28,3,0.46,4,0.3,0.3,0.25,0.2,0.5,HIGH,98.2,12.4
0.58,0.67,0.3,0.29,0.37,3,0.3,2,0.37,0.46,0.43,0.65,0.6,HIGH,70.2,37.5
1.0,0.83,0.88,0.98,0.75,0,0.03,1,0.96,0.78,0.9,0.7,0.95,LOW,5.0,74.1
0.74,0.62,0.9,0.66,0.71,2,0.18,0,0.66,0.61,0.54,0.54,0.59,LOW,26.1,71.1
0.4,0.4,0.3,0.4,0.44,3,0.3,2,0.48,0.58,0.35,0.43,0.5,HIGH,79.3,48.8
0.44,0.51,0.62,0.66,0.58,2,0.45,2,0.64,0.5,0.67,0.6,0.51,MEDIUM,54.2,51.1
0.89,0.78,0.94,0.98,0.8,0,0.1,0,0.91,0.82,0.85,1.0,0.64,LOW,4.0,85.6
0.4,0.45,0.56,0.42,0.58,3,0.43,2,0.63,0.62,0.7,0.68,0.5,MEDIUM,63.2,48.0
0.53,0.57,0.84,0.79,0.55,0,0.43,1,0.44,0.55,0.64,0.46,0.5,MEDIUM,38.8,53.4
0.73,0.45,0.54,0.45,0.52,3,0.14,0,0.63,0.68,0.43,0.42,0.5,MEDIUM,48.3,37.7
1.0,0.95,0.93,0.89,0.68,0,0.05,0,0.73,1.0,0.83,0.81,1.0,LOW,3.9,51.4
0.79,0.88,0.74,0.61,0.76,0,0.0,0,0.78,0.76,0.9,0.83,0.9,LOW,7.6,73.7
0.88,0.91,1.0,1.0,0.89,3,0.09,1,0.83,1.0,1.0,1.0,0.99,LOW,9.7,79.5
0.53,0.54,0.79,0.38,0.55,0,0.06,1,0.65,0.57,0.64,0.76,0.79,LOW,35.0,84.3
0.66,0.58,0.47,0.6,0.67,1,0.29,2,0.54,0.68,0.63,0.71,0.74,MEDIUM,54.6,53.2
0.53,0.55,0.46,0.42,0.33,4,0.6,3,0.42,0.65,0.56,0.36,0.58,HIGH,83.0,61.4
0.6,0.46,0.67,0.55,0.59,4,0.4,2,0.62,0.56,0.38,0.67,0.5,MEDIUM,60.9,62.5
0.51,0.73,0.66,0.71,0.5,0,0.48,1,0.52,0.54,0.7,0.66,0.5,MEDIUM,41.7,51.9
0.4,0.4,0.3,0.25,0.2,6,0.6,3,0.3,0.44,0.25,0.37,0.5,HIGH,100.0,12.6
0.69,0.71,0.9,0.74,0.86,0,0.02,1,0.73,0.73,0.79,0.82,0.85,LOW,8.3,71.2
0.5,0.4,0.56,0.33,0.43,1,0.71,2,0.4,0.35,0.3,0.2,0.5,HIGH,76.7,24.5
0.97,0.84,0.87,1.0,0.93,2,0.0,2,0.87,1.0,1.0,0.9,0.8,LOW,0.0,100.0
0.4,0.4,0.41,0.44,0.29,2,0.55,7,0.3,0.3,0.41,0.23,0.5,HIGH,96.9,21.2
0.89,0.78,1.0,0.99,1.0,2,0.06,0,0.7,0.91,1.0,1.0,0.87,LOW,5.1,88.6
0.89,1.0,0.84,0.96,0.91,0,0.0,0,1.0,1.0,0.78,0.76,0.91,LOW,2.6,73.7
1.0,0.97,0.92,0.68,1.0,2,0.27,2,0.96,1.0,0.83,0.77,0.98,LOW,0.0,89.0
0.46,0.4,0.68,0.76,0.52,0,0.21,3,0.4,0.66,0.46,0.6,0.5,MEDIUM,51.9,42.8
0.4,0.4,0.3,0.29,0.2,10,0.48,8,0.44,0.3,0.25,0.25,0.5,HIGH,100.0,14.4
0.66,0.77,0.49,0.42,0.63,1,0.53,3,0.75,0.55,0.33,0.63,0.84,MEDIUM,53.7,69.6
1.0,0.83,1.0,0.91,0.86,2,0.07,0,0.95,0.86,0.77,1.0,0.95,LOW,0.1,88.0
0.4,0.4,0.34,0.29,0.23,3,0.62,6,0.3,0.36,0.43,0.48,0.5,HIGH,100.0,47.0
0.4,0.41,0.31,0.43,0.3,2,0.52,3,0.33,0.3,0.36,0.39,0.5,HIGH,80.0,22.9
0.89,0.85,0.89,0.9,0.94,0,0.1,0,0.74,0.81,0.83,0.72,0.91,LOW,8.3,73.7
0.54,0.71,0.49,0.68,0.62,4,0.49,5,0.52,0.59,0.77,0.55,0.5,MEDIUM,68.5,44.0
0.48,0.4,0.36,0.58,0.38,8,0.63,8,0.3,0.56,0.38,0.35,0.5,HIGH,100.0,11.9
0.99,0.81,0.96,0.93,0.8,0,0.27,1,0.78,0.75,0.81,0.97,0.84,LOW,11.4,100.0
0.61,0.74,0.51,0.45,0.82,3,0.25,1,0.78,0.79,0.77,0.65,0.65,MEDIUM,39.0,64.6
0.56,0.45,0.81,0.68,0.77,6,0.34,1,0.61,0.62,0.91,0.45,0.62,MEDIUM,46.7,56.4
0.66,0.61,0.47,0.45,0.73,7,0.31,4,0.84,0.58,0.58,0.36,0.82,HIGH,69.5,43.2
0.47,0.4,0.56,0.62,0.47,3,0.29,5,0.44,0.63,0.51,0.85,0.61,HIGH,69.8,42.3
0.53,0.69,0.6,0.95,0.87,1,0.35,1,0.84,0.63,0.9,0.84,0.64,LOW,22.3,68.1
0.4,0.4,0.3,0.25,0.33,5,0.44,3,0.31,0.3,0.41,0.39,0.5,HIGH,97.6,53.8
0.85,0.55,0.79,0.57,0.67,6,0.35,4,0.63,0.67,0.52,0.56,0.54,MEDIUM,54.4,48.7
0.82,1.0,0.81,1.0,0.81,1,0.14,2,1.0,0.82,0.86,0.95,0.76,LOW,12.7,68.5
0.88,0.88,0.65,0.75,0.77,3,0.11,5,0.81,0.86,0.66,1.0,0.69,LOW,30.4,91.8
0.85,0.78,0.71,0.75,0.63,2,0.08,0,0.85,0.82,0.84,0.8,0.62,LOW,20.7,72.0
0.72,0.55,1.0,0.37,0.68,2,0.61,2,0.7,0.54,0.51,0.6,0.58,MEDIUM,50.3,54.6
0.82,0.82,0.94,0.82,0.95,0,0.0,0,0.85,0.76,0.75,0.95,0.87,LOW,4.6,78.7
0.45,0.65,0.47,0.72,0.52,5,0.43,4,0.54,0.56,0.74,0.69,0.65,MEDIUM,64.0,51.3
0.4,0.4,0.3,0.38,0.25,6,0.66,3,0.45,0.42,0.39,0.5,0.5,HIGH,96.6,42.4
0.65,0.43,0.59,0.58,0.59,3,0.04,4,0.57,0.44,0.73,0.35,0.75,MEDIUM,54.0,38.1
0.4,0.4,0.3,0.25,0.25,5,0.41,4,0.3,0.3,0.25,0.51,0.5,HIGH,97.8,14.3
0.83,0.81,0.82,0.83,0.75,0,0.09,1,0.89,0.65,0.98,0.65,0.77,LOW,6.6,96.8
0.79,0.78,0.54,0.77,0.6,2,0.45,5,0.67,0.88,0.74,0.5,0.9,MEDIUM,45.6,59.0
0.71,0.73,0.56,0.54,0.4,2,0.19,2,0.53,0.59,0.62,0.45,0.55,MEDIUM,40.6,48.2
0.4,0.4,0.3,0.25,0.24,5,0.7,7,0.3,0.35,0.46,0.2,0.5,HIGH,100.0,16.5
0.73,1.0,0.87,1.0,0.87,0,0.0,0,1.0,0.86,0.77,0.89,0.9,LOW,6.6,77.0
0.58,0.71,0.44,0.58,0.54,3,0.35,1,0.67,0.75,0.82,0.71,0.57,MEDIUM,54.9,59.1
0.4,0.45,0.3,0.25,0.2,9,0.57,6,0.48,0.3,0.32,0.21,0.5,HIGH,100.0,32.0
0.49,0.4,0.59,0.62,0.61,2,0.15,0,0.36,0.56,0.4,0.64,0.5,MEDIUM,47.3,36.7
0.49,0.46,0.3,0.55,0.66,3,0.49,3,0.47,0.3,0.54,0.24,0.63,HIGH,72.5,24.2
0.51,0.4,0.4,0.25,0.42,7,0.86,3,0.46,0.42,0.33,0.53,0.5,HIGH,100.0,34.8
0.92,0.77,0.8,0.75,0.73,0,0.0,3,0.81,0.6,0.73,0.68,0.78,LOW,21.1,74.5
0.65,0.63,0.42,0.83,0.56,3,0.49,1,0.64,0.55,0.69,0.38,0.61,MEDIUM,54.9,59.9
0.42,0.4,0.32,0.29,0.3,3,0.16,1,0.35,0.3,0.25,0.33,0.5,HIGH,83.5,38.3
0.82,0.61,0.64,0.6,0.68,1,0.24,1,0.67,0.67,0.6,0.89,0.74,LOW,26.9,69.5
0.42,0.4,0.45,0.27,0.22,3,0.49,1,0.41,0.31,0.59,0.2,0.5,HIGH,79.4,28.2
0.82,0.76,0.98,0.79,0.69,0,0.0,2,0.92,0.8,0.93,0.6,0.76,LOW,12.6,84.3
0.4,0.4,0.3,0.25,0.23,9,0.59,1,0.47,0.36,0.25,0.32,0.57,HIGH,100.0,31.6
0.81,0.82,1.0,0.8,0.73,0,0.0,0,0.85,0.9,0.72,1.0,0.65,LOW,4.6,70.3
0.86,0.71,0.62,0.26,0.64,0,0.37,1,0.53,0.72,0.69,0.82,0.59,LOW,38.1,59.7
0.78,0.83,0.9,0.78,0.83,1,0.0,0,0.8,0.76,0.8,1.0,0.86,LOW,8.9,69.9
0.4,0.4,0.3,0.28,0.2,3,0.35,0,0.31,0.3,0.25,0.2,0.5,HIGH,81.5,28.5
0.68,0.59,0.53,0.67,0.84,2,0.35,0,0.76,0.58,0.78,0.68,0.52,MEDIUM,45.0,56.0
0.72,0.64,0.68,0.43,0.58,3,0.3,5,0.44,0.87,0.46,0.61,0.52,MEDIUM,54.4,39.1
0.66,0.68,0.64,0.49,0.68,2,0.31,2,0.5,0.74,0.66,0.67,0.65,MEDIUM,51.1,67.4
0.68,0.56,0.34,0.25,0.63,2,0.42,1,0.55,0.85,0.74,0.27,0.6,MEDIUM,54.5,28.0
0.41,0.4,0.3,0.43,0.31,2,0.15,2,0.45,0.3,0.25,0.49,0.5,HIGH,82.8,29.9
0.49,0.4,0.3,0.36,0.37,8,0.62,6,0.44,0.3,0.55,0.33,0.5,HIGH,100.0,16.5
0.54,0.42,0.69,0.53,0.54,1,0.38,0,0.6,0.72,0.47,0.56,0.56,LOW,33.3,51.0
0.9,0.87,0.95,1.0,0.79,3,0.0,1,0.86,0.96,0.86,0.87,0.76,LOW,2.8,77.9
0.58,0.46,0.76,0.62,0.58,1,0.23,2,0.5,0.78,0.33,0.56,0.77,MEDIUM,46.7,43.7
0.85,0.84,0.8,0.86,0.89,1,0.3,0,0.81,0.86,0.74,0.98,0.83,LOW,10.1,77.8
0.8,0.9,0.68,0.6,0.69,3,0.08,0,0.92,0.85,0.56,0.64,0.75,LOW,26.0,78.6
0.86,0.83,0.77,0.88,0.76,0,0.16,1,0.8,0.61,0.96,0.74,0.91,LOW,17.8,90.1
0.82,1.0,0.74,0.98,0.82,2,0.5,3,0.78,0.76,0.74,0.85,0.88,LOW,22.1,55.9
0.92,0.85,0.73,0.74,0.8,3,0.0,1,0.87,0.58,0.72,0.7,0.79,LOW,17.6,53.1
0.88,1.0,0.73,0.97,0.62,0,0.0,0,0.96,0.86,0.9,0.66,0.93,LOW,8.3,85.4
0.88,1.0,0.74,0.7,0.84,1,0.0,0,0.87,1.0,0.93,0.9,0.96,LOW,5.9,86.7
0.73,0.58,0.63,0.68,0.78,3,0.27,2,0.45,0.78,0.77,0.81,0.5,MEDIUM,38.8,55.2
0.47,0.46,0.58,0.59,0.57,3,0.55,5,0.51,0.39,0.68,0.48,0.68,HIGH,75.6,34.7
0.53,0.66,0.66,0.66,0.63,2,0.26,3,0.5,0.66,0.83,0.96,0.6,MEDIUM,48.5,50.6
0.49,0.54,0.49,0.74,0.63,1,0.05,4,0.44,0.52,0.53,0.46,0.5,MEDIUM,55.6,29.7
0.64,0.76,0.61,0.69,0.72,2,0.58,1,0.7,0.51,0.94,0.47,0.71,MEDIUM,35.2,46.3
0.78,0.74,0.58,0.55,0.55,3,0.41,2,0.63,0.55,0.48,0.64,0.75,MEDIUM,50.1,43.8
0.77,0.97,0.88,0.93,0.86,1,0.16,1,0.86,0.9,0.91,0.87,0.95,LOW,8.8,83.6
0.67,1.0,0.94,0.8,0.82,2,0.0,0,0.8,0.89,0.76,0.98,0.78,LOW,11.6,81.4
0.4,0.4,0.3,0.25,0.2,8,0.74,5,0.3,0.45,0.25,0.24,0.5,HIGH,100.0,1.3
0.78,0.77,0.61,0.8,0.94,2,0.15,2,0.65,0.73,0.92,0.76,0.88,LOW,30.0,63.6
0.4,0.4,0.3,0.25,0.2,2,0.57,3,0.3,0.3,0.34,0.27,0.5,HIGH,100.0,15.8
0.77,0.77,0.77,0.97,0.75,1,0.03,0,0.99,1.0,0.73,0.76,0.91,LOW,12.1,76.7
0.4,0.4,0.52,0.38,0.33,2,0.29,4,0.38,0.53,0.54,0.48,0.5,HIGH,74.0,30.2
0.56,0.5,0.64,0.77,0.75,1,0.22,1,0.61,0.72,0.48,0.78,0.51,LOW,37.1,58.8
0.5,0.44,0.52,0.55,0.57,0,0.41,3,0.69,0.56,0.54,0.71,0.53,MEDIUM,56.5,39.6
0.58,0.56,0.82,0.51,0.6,0,0.31,1,0.68,0.43,0.76,0.5,0.57,LOW,34.0,59.9
0.68,0.7,0.94,1.0,0.99,0,0.0,0,0.75,0.74,0.91,0.94,0.5,LOW,9.4,96.3
0.4,0.4,0.57,0.25,0.3,6,0.66,3,0.38,0.4,0.25,0.51,0.5,HIGH,98.5,26.7
0.86,0.81,0.98,0.89,1.0,0,0.3,2,0.87,0.84,1.0,0.93,0.98,LOW,2.2,68.2
0.9,0.83,0.93,0.78,0.76,1,0.0,1,0.87,0.62,0.93,0.93,0.83,LOW,5.1,81.4
1.0,0.84,0.93,1.0,0.76,0,0.0,0,0.94,0.9,0.88,1.0,1.0,LOW,0.0,74.0
0.4,0.4,0.36,0.25,0.2,4,0.53,4,0.3,0.3,0.25,0.25,0.5,HIGH,100.0,14.2
0.53,0.78,0.54,0.41,0.54,3,0.39,3,0.76,0.58,0.75,0.49,0.56,MEDIUM,60.5,56.1
0.62,0.51,0.56,0.69,0.66,5,0.3,0,0.3,0.48,0.63,0.47,0.52,MEDIUM,57.1,78.9
0.47,0.65,0.8,0.48,0.63,1,0.33,2,0.62,0.67,0.34,0.41,0.53,MEDIUM,53.3,40.9
0.51,0.5,0.68,0.4,0.47,2,0.38,5,0.62,0.35,0.33,0.52,0.5,HIGH,72.2,38.3
0.69,0.5,0.52,0.63,0.46,5,0.18,4,0.51,0.57,0.51,0.81,0.65,MEDIUM,56.1,65.3
0.58,0.5,0.42,0.47,0.66,4,0.52,3,0.39,0.68,0.45,0.63,0.55,MEDIUM,71.9,36.8
0.68,0.65,0.45,0.39,0.79,1,0.08,1,0.48,0.37,0.75,0.44,0.72,MEDIUM,43.8,62.5
0.99,0.93,0.81,1.0,0.98,2,0.32,0,1.0,1.0,0.98,1.0,0.96,LOW,3.7,91.4
0.65,0.58,0.45,0.68,0.7,5,0.6,1,0.45,0.65,0.51,0.91,0.5,MEDIUM,65.9,57.1
0.8,0.91,0.92,0.86,0.78,2,0.26,2,0.76,0.65,0.95,1.0,0.88,LOW,11.0,65.9
0.7,0.63,0.49,0.48,0.58,4,0.29,2,0.4,0.52,0.57,0.76,0.55,MEDIUM,51.3,59.9
0.51,0.52,0.68,0.4,0.74,1,0.27,4,0.55,0.65,0.65,0.53,0.62,MEDIUM,50.5,49.8
0.9,0.92,1.0,1.0,0.82,0,0.07,2,0.91,0.75,0.87,0.91,0.93,LOW,0.0,85.1
0.76,0.84,0.68,0.55,0.63,6,0.36,3,0.75,0.92,0.59,0.82,0.67,MEDIUM,50.6,46.2
0.74,0.83,0.77,0.79,0.81,2,0.05,2,0.71,0.83,0.68,0.81,0.79,LOW,23.6,54.9
0.89,0.99,0.72,1.0,0.95,4,0.29,1,1.0,1.0,0.47,1.0,0.79,LOW,21.2,78.1
